Data;cambio
02/01/98;1,1165
05/01/98;1,1165
06/01/98;1,1169
07/01/98;1,1175
08/01/98;1,118
09/01/98;1,1184
12/01/98;1,1192
13/01/98;1,1187
14/01/98;1,119
15/01/98;1,1206
16/01/98;1,1205
19/01/98;1,1201
20/01/98;1,1205
21/01/98;1,1207
22/01/98;1,1206
23/01/98;1,1215
26/01/98;1,1216
27/01/98;1,1224
28/01/98;1,1227
29/01/98;1,123
30/01/98;1,1237
02/02/98;1,1236
03/02/98;1,1244
04/02/98;1,1245
05/02/98;1,1245
06/02/98;1,1254
09/02/98;1,1255
10/02/98;1,1264
11/02/98;1,1265
12/02/98;1,1268
13/02/98;1,1276
16/02/98;1,1274
17/02/98;1,1284
18/02/98;1,1286
19/02/98;1,1292
20/02/98;1,1295
25/02/98;1,1297
26/02/98;1,1298
27/02/98;1,1304
02/03/98;1,1305
03/03/98;1,1306
04/03/98;1,1314
05/03/98;1,1314
06/03/98;1,1315
09/03/98;1,1323
10/03/98;1,1324
11/03/98;1,1325
12/03/98;1,1328
13/03/98;1,1334
16/03/98;1,1335
17/03/98;1,1335
18/03/98;1,1344
19/03/98;1,1344
20/03/98;1,1346
23/03/98;1,1349
24/03/98;1,1352
25/03/98;1,1358
26/03/98;1,136
27/03/98;1,1364
30/03/98;1,1365
31/03/98;1,1374
01/04/98;1,1375
02/04/98;1,1375
03/04/98;1,1384
06/04/98;1,1388
07/04/98;1,1388
08/04/98;1,1394
13/04/98;1,1397
14/04/98;1,1404
15/04/98;1,1407
16/04/98;1,1409
17/04/98;1,1414
20/04/98;1,1418
22/04/98;1,1425
23/04/98;1,1428
24/04/98;1,1435
27/04/98;1,1441
28/04/98;1,1449
29/04/98;1,1453
30/04/98;1,1443
04/05/98;1,1442
05/05/98;1,1449
06/05/98;1,1452
07/05/98;1,1451
08/05/98;1,1455
11/05/98;1,1459
12/05/98;1,1463
13/05/98;1,1474
14/05/98;1,1473
15/05/98;1,1472
18/05/98;1,1475
19/05/98;1,1488
20/05/98;1,1489
21/05/98;1,1497
22/05/98;1,1515
25/05/98;1,1516
26/05/98;1,1531
27/05/98;1,152
28/05/98;1,15
29/05/98;1,1505
01/06/98;1,152
02/06/98;1,1517
03/06/98;1,1518
04/06/98;1,1517
05/06/98;1,1524
08/06/98;1,1529
09/06/98;1,1536
10/06/98;1,1546
12/06/98;1,1553
15/06/98;1,1551
16/06/98;1,1549
17/06/98;1,1553
18/06/98;1,1557
19/06/98;1,1562
22/06/98;1,1554
23/06/98;1,1555
24/06/98;1,1559
25/06/98;1,1561
26/06/98;1,1564
29/06/98;1,1566
30/06/98;1,1569
01/07/98;1,1572
02/07/98;1,1572
03/07/98;1,1575
06/07/98;1,1583
07/07/98;1,1589
08/07/98;1,1597
09/07/98;1,1612
10/07/98;1,1612
13/07/98;1,1619
14/07/98;1,1634
15/07/98;1,1615
16/07/98;1,1621
17/07/98;1,1617
20/07/98;1,1607
21/07/98;1,161
22/07/98;1,162
23/07/98;1,1647
24/07/98;1,1655
27/07/98;1,1661
28/07/98;1,1635
29/07/98;1,1632
30/07/98;1,1624
31/07/98;1,1634
03/08/98;1,1643
04/08/98;1,1659
05/08/98;1,1671
06/08/98;1,1681
07/08/98;1,1683
10/08/98;1,1692
11/08/98;1,1689
12/08/98;1,17
13/08/98;1,1716
14/08/98;1,1716
17/08/98;1,173
18/08/98;1,1739
19/08/98;1,1742
20/08/98;1,1738
21/08/98;1,1753
24/08/98;1,175
25/08/98;1,1747
26/08/98;1,1728
27/08/98;1,1753
28/08/98;1,1763
31/08/98;1,1769
01/09/98;1,1772
02/09/98;1,1774
03/09/98;1,178
04/09/98;1,1784
08/09/98;1,1769
09/09/98;1,1792
10/09/98;1,1794
11/09/98;1,1793
14/09/98;1,1803
15/09/98;1,1798
16/09/98;1,1796
17/09/98;1,1801
18/09/98;1,1808
21/09/98;1,1816
22/09/98;1,183
23/09/98;1,1838
24/09/98;1,1835
25/09/98;1,1848
28/09/98;1,1849
29/09/98;1,185
30/09/98;1,1856
01/10/98;1,1807
02/10/98;1,1837
05/10/98;1,186
06/10/98;1,1849
07/10/98;1,1831
08/10/98;1,1846
09/10/98;1,1867
13/10/98;1,1877
14/10/98;1,1888
15/10/98;1,1886
16/10/98;1,1886
19/10/98;1,1899
20/10/98;1,1896
21/10/98;1,1899
22/10/98;1,1905
23/10/98;1,1911
26/10/98;1,1913
27/10/98;1,1922
28/10/98;1,1924
29/10/98;1,1922
30/10/98;1,1932
03/11/98;1,1929
04/11/98;1,1916
05/11/98;1,1905
06/11/98;1,1884
09/11/98;1,1899
10/11/98;1,1911
11/11/98;1,1908
12/11/98;1,1913
13/11/98;1,1915
16/11/98;1,1909
17/11/98;1,1909
18/11/98;1,1913
19/11/98;1,1932
20/11/98;1,195
23/11/98;1,1974
24/11/98;1,1978
25/11/98;1,1982
26/11/98;1,1992
27/11/98;1,2003
30/11/98;1,2012
01/12/98;1,2016
02/12/98;1,2013
03/12/98;1,2023
04/12/98;1,2026
07/12/98;1,2029
08/12/98;1,2035
09/12/98;1,2037
10/12/98;1,2034
11/12/98;1,204
14/12/98;1,2048
15/12/98;1,2052
16/12/98;1,2053
17/12/98;1,2065
18/12/98;1,2068
21/12/98;1,2069
22/12/98;1,2074
23/12/98;1,2078
24/12/98;1,2079
28/12/98;1,2084
29/12/98;1,2084
30/12/98;1,2083
31/12/98;1,2087
04/01/99;1,2078
05/01/99;1,2085
06/01/99;1,2096
07/01/99;1,2101
08/01/99;1,2104
11/01/99;1,2109
12/01/99;1,2114
13/01/99;1,3193
14/01/99;1,3194
15/01/99;1,4659
18/01/99;1,5384
19/01/99;1,558
20/01/99;1,5735
21/01/99;1,6602
22/01/99;1,7049
25/01/99;1,7606
26/01/99;1,877
27/01/99;1,8886
28/01/99;1,9206
29/01/99;1,9832
01/02/99;1,9638
02/02/99;1,798
03/02/99;1,7709
04/02/99;1,814
05/02/99;1,8317
08/02/99;1,8609
09/02/99;1,9333
10/02/99;1,8953
11/02/99;1,8868
12/02/99;1,8984
17/02/99;1,9179
18/02/99;1,9029
19/02/99;1,9208
22/02/99;1,9356
23/02/99;2,0128
24/02/99;2,0033
25/02/99;2,0351
26/02/99;2,0648
01/03/99;2,0284
02/03/99;2,1308
03/03/99;2,1647
04/03/99;2,1022
05/03/99;1,9934
08/03/99;1,9708
09/03/99;1,9056
10/03/99;1,8631
11/03/99;1,8784
12/03/99;1,9051
15/03/99;1,8825
16/03/99;1,8521
17/03/99;1,8777
18/03/99;1,8596
19/03/99;1,8507
22/03/99;1,8615
23/03/99;1,8516
24/03/99;1,8428
25/03/99;1,81
26/03/99;1,775
29/03/99;1,7655
30/03/99;1,7334
31/03/99;1,722
05/04/99;1,7251
06/04/99;1,7314
07/04/99;1,7295
08/04/99;1,7206
09/04/99;1,709
12/04/99;1,7054
13/04/99;1,672
14/04/99;1,6575
15/04/99;1,6688
16/04/99;1,67
19/04/99;1,6721
20/04/99;1,7101
22/04/99;1,7014
23/04/99;1,6851
26/04/99;1,6978
27/04/99;1,7069
28/04/99;1,6963
29/04/99;1,6676
30/04/99;1,6607
03/05/99;1,6735
04/05/99;1,6734
05/05/99;1,6847
06/05/99;1,6729
07/05/99;1,6712
10/05/99;1,6518
11/05/99;1,6468
12/05/99;1,6614
13/05/99;1,651
14/05/99;1,657
17/05/99;1,667
18/05/99;1,6659
19/05/99;1,6636
20/05/99;1,6834
21/05/99;1,6963
24/05/99;1,6985
25/05/99;1,748
26/05/99;1,7186
27/05/99;1,7137
28/05/99;1,7311
31/05/99;1,724
01/06/99;1,7336
02/06/99;1,7542
04/06/99;1,7365
07/06/99;1,7412
08/06/99;1,7479
09/06/99;1,7491
10/06/99;1,7597
11/06/99;1,773
14/06/99;1,7783
15/06/99;1,7892
16/06/99;1,7675
17/06/99;1,7605
18/06/99;1,7485
21/06/99;1,7636
22/06/99;1,7688
23/06/99;1,7848
24/06/99;1,8003
25/06/99;1,7904
28/06/99;1,79
29/06/99;1,7672
30/06/99;1,7695
01/07/99;1,7575
02/07/99;1,7706
05/07/99;1,7663
06/07/99;1,7754
07/07/99;1,7815
08/07/99;1,7911
09/07/99;1,8044
12/07/99;1,819
13/07/99;1,8392
14/07/99;1,8109
15/07/99;1,8281
16/07/99;1,8107
19/07/99;1,7929
20/07/99;1,7982
21/07/99;1,8171
22/07/99;1,8171
23/07/99;1,8147
26/07/99;1,8203
27/07/99;1,8173
28/07/99;1,7915
29/07/99;1,7939
30/07/99;1,7892
02/08/99;1,8115
03/08/99;1,8278
04/08/99;1,8217
05/08/99;1,8476
06/08/99;1,8493
09/08/99;1,8454
10/08/99;1,8729
11/08/99;1,863
12/08/99;1,8511
13/08/99;1,8711
16/08/99;1,8768
17/08/99;1,882
18/08/99;1,8927
19/08/99;1,9171
20/08/99;1,9497
23/08/99;1,8706
24/08/99;1,9026
25/08/99;1,9311
26/08/99;1,9087
27/08/99;1,9243
30/08/99;1,9436
31/08/99;1,9159
01/09/99;1,9217
02/09/99;1,9244
03/09/99;1,904
06/09/99;1,9059
08/09/99;1,8983
09/09/99;1,8735
10/09/99;1,8621
13/09/99;1,8822
14/09/99;1,8923
15/09/99;1,8779
16/09/99;1,8794
17/09/99;1,8861
20/09/99;1,8745
21/09/99;1,8791
22/09/99;1,8906
23/09/99;1,8914
24/09/99;1,9144
27/09/99;1,9174
28/09/99;1,9393
29/09/99;1,9224
30/09/99;1,9223
01/10/99;1,9565
04/10/99;1,9388
05/10/99;1,9525
06/10/99;1,96
07/10/99;1,9339
08/10/99;1,943
11/10/99;1,955
13/10/99;1,9587
14/10/99;1,9648
15/10/99;1,9794
18/10/99;1,9829
19/10/99;1,9933
20/10/99;2,0025
21/10/99;1,9936
22/10/99;1,9834
25/10/99;1,9777
26/10/99;1,9869
27/10/99;1,9954
28/10/99;1,9789
29/10/99;1,953
01/11/99;1,9431
03/11/99;1,9414
04/11/99;1,9295
05/11/99;1,9155
08/11/99;1,9266
09/11/99;1,9241
10/11/99;1,9348
11/11/99;1,9288
12/11/99;1,9331
16/11/99;1,9331
17/11/99;1,9327
18/11/99;1,929
19/11/99;1,9313
22/11/99;1,9322
23/11/99;1,9328
24/11/99;1,9295
25/11/99;1,93
26/11/99;1,9263
29/11/99;1,9213
30/11/99;1,9227
01/12/99;1,9221
02/12/99;1,895
03/12/99;1,8774
06/12/99;1,8669
07/12/99;1,8594
08/12/99;1,8627
09/12/99;1,8668
10/12/99;1,8667
13/12/99;1,8564
14/12/99;1,8463
15/12/99;1,8501
16/12/99;1,8407
17/12/99;1,8178
20/12/99;1,8048
21/12/99;1,8234
22/12/99;1,8204
23/12/99;1,8286
24/12/99;1,829
27/12/99;1,8267
28/12/99;1,8289
29/12/99;1,817
30/12/99;1,789
31/12/99;1,789
03/01/00;1,8011
04/01/00;1,8337
05/01/00;1,8544
06/01/00;1,8461
07/01/00;1,8281
10/01/00;1,8161
11/01/00;1,8219
12/01/00;1,8314
13/01/00;1,8193
14/01/00;1,7997
17/01/00;1,7957
18/01/00;1,7924
19/01/00;1,7984
20/01/00;1,7801
21/01/00;1,7784
24/01/00;1,7652
25/01/00;1,7741
26/01/00;1,7769
27/01/00;1,7753
28/01/00;1,7875
31/01/00;1,8024
01/02/00;1,7932
02/02/00;1,79
03/02/00;1,7779
04/02/00;1,7785
07/02/00;1,7659
08/02/00;1,7654
09/02/00;1,7632
10/02/00;1,7695
11/02/00;1,7647
14/02/00;1,7699
15/02/00;1,7764
16/02/00;1,7732
17/02/00;1,774
18/02/00;1,7705
21/02/00;1,7784
22/02/00;1,7825
23/02/00;1,7886
24/02/00;1,7779
25/02/00;1,7741
28/02/00;1,7788
29/02/00;1,7685
01/03/00;1,7678
02/03/00;1,76
03/03/00;1,7511
08/03/00;1,7498
09/03/00;1,7343
10/03/00;1,7386
13/03/00;1,7502
14/03/00;1,7372
15/03/00;1,7431
16/03/00;1,7357
17/03/00;1,7407
20/03/00;1,7388
21/03/00;1,7381
22/03/00;1,7305
23/03/00;1,7242
24/03/00;1,7234
27/03/00;1,7362
28/03/00;1,7456
29/03/00;1,7379
30/03/00;1,7522
31/03/00;1,7473
03/04/00;1,7407
04/04/00;1,7425
05/04/00;1,7532
06/04/00;1,7423
07/04/00;1,7439
10/04/00;1,7387
11/04/00;1,7448
12/04/00;1,7471
13/04/00;1,7633
14/04/00;1,7833
17/04/00;1,7873
18/04/00;1,7696
19/04/00;1,7662
20/04/00;1,7784
24/04/00;1,7916
25/04/00;1,7888
26/04/00;1,7985
27/04/00;1,8083
28/04/00;1,8067
02/05/00;1,8008
03/05/00;1,8162
04/05/00;1,8144
05/05/00;1,8118
08/05/00;1,8058
09/05/00;1,8079
10/05/00;1,8169
11/05/00;1,8162
12/05/00;1,8266
15/05/00;1,8382
16/05/00;1,8198
17/05/00;1,8292
18/05/00;1,8305
19/05/00;1,8454
22/05/00;1,8468
23/05/00;1,8537
24/05/00;1,8537
25/05/00;1,8392
26/05/00;1,8455
29/05/00;1,8388
30/05/00;1,8305
31/05/00;1,8266
01/06/00;1,8202
02/06/00;1,8104
05/06/00;1,7933
06/06/00;1,7899
07/06/00;1,8036
08/06/00;1,7948
09/06/00;1,7999
12/06/00;1,804
13/06/00;1,81
14/06/00;1,8107
15/06/00;1,8079
16/06/00;1,8073
19/06/00;1,803
20/06/00;1,7991
21/06/00;1,8121
23/06/00;1,8203
26/06/00;1,8282
27/06/00;1,8235
28/06/00;1,8195
29/06/00;1,8172
30/06/00;1,8
03/07/00;1,808
04/07/00;1,8121
05/07/00;1,8047
06/07/00;1,797
07/07/00;1,7972
10/07/00;1,8006
11/07/00;1,7972
12/07/00;1,8034
13/07/00;1,8104
14/07/00;1,8106
17/07/00;1,7979
18/07/00;1,797
19/07/00;1,8044
20/07/00;1,8015
21/07/00;1,7921
24/07/00;1,7956
25/07/00;1,7898
26/07/00;1,7925
27/07/00;1,7847
28/07/00;1,7828
31/07/00;1,7748
01/08/00;1,788
02/08/00;1,7916
03/08/00;1,8079
04/08/00;1,7919
07/08/00;1,7961
08/08/00;1,7992
09/08/00;1,795
10/08/00;1,7962
11/08/00;1,7959
14/08/00;1,8021
15/08/00;1,8056
16/08/00;1,807
17/08/00;1,8096
18/08/00;1,8174
21/08/00;1,8199
22/08/00;1,8169
23/08/00;1,8186
24/08/00;1,8204
25/08/00;1,8213
28/08/00;1,8277
29/08/00;1,8349
30/08/00;1,8259
31/08/00;1,8234
01/09/00;1,8218
04/09/00;1,8255
05/09/00;1,8294
06/09/00;1,8207
08/09/00;1,8224
11/09/00;1,8199
12/09/00;1,8279
13/09/00;1,832
14/09/00;1,8317
15/09/00;1,8438
18/09/00;1,8558
19/09/00;1,8538
20/09/00;1,8546
21/09/00;1,8517
22/09/00;1,8594
25/09/00;1,842
26/09/00;1,8506
27/09/00;1,8492
28/09/00;1,8479
29/09/00;1,8437
02/10/00;1,8483
03/10/00;1,8498
04/10/00;1,8529
05/10/00;1,8501
06/10/00;1,852
09/10/00;1,8574
10/10/00;1,8541
11/10/00;1,8603
13/10/00;1,8764
16/10/00;1,8704
17/10/00;1,8667
18/10/00;1,8795
19/10/00;1,8714
20/10/00;1,8796
23/10/00;1,8918
24/10/00;1,8981
25/10/00;1,9282
26/10/00;1,934
27/10/00;1,924
30/10/00;1,9184
31/10/00;1,909
01/11/00;1,9099
03/11/00;1,9286
06/11/00;1,9462
07/11/00;1,9573
08/11/00;1,9503
09/11/00;1,9683
10/11/00;1,9566
13/11/00;1,9579
14/11/00;1,9441
16/11/00;1,9486
17/11/00;1,9609
20/11/00;1,9365
21/11/00;1,91
22/11/00;1,9322
23/11/00;1,9413
24/11/00;1,956
27/11/00;1,9571
28/11/00;1,9778
29/11/00;1,961
30/11/00;1,9596
01/12/00;1,9795
04/12/00;1,9847
05/12/00;1,9648
06/12/00;1,9657
07/12/00;1,9698
08/12/00;1,9695
11/12/00;1,9648
12/12/00;1,9676
13/12/00;1,9623
14/12/00;1,9635
15/12/00;1,9678
18/12/00;1,9539
19/12/00;1,9556
20/12/00;1,9559
21/12/00;1,9578
22/12/00;1,9524
26/12/00;1,9578
27/12/00;1,9608
28/12/00;1,9554
29/12/00;1,9554
02/01/01;1,9384
03/01/01;1,9422
04/01/01;1,9357
05/01/01;1,9484
08/01/01;1,9524
09/01/01;1,9441
10/01/01;1,9429
11/01/01;1,9463
12/01/01;1,9508
15/01/01;1,9475
16/01/01;1,9516
17/01/01;1,9501
18/01/01;1,9527
19/01/01;1,9553
22/01/01;1,9571
23/01/01;1,9586
24/01/01;1,9595
25/01/01;1,9738
26/01/01;1,974
29/01/01;1,9753
30/01/01;1,9714
31/01/01;1,9711
01/02/01;1,9739
02/02/01;1,9934
05/02/01;1,9945
06/02/01;1,998
07/02/01;2,0045
08/02/01;1,9959
09/02/01;1,9884
12/02/01;1,9813
13/02/01;1,9803
14/02/01;1,9894
15/02/01;1,9812
16/02/01;1,994
19/02/01;2,0027
20/02/01;2,0063
21/02/01;2,024
22/02/01;2,0368
23/02/01;2,0436
28/02/01;2,0452
01/03/01;2,0428
02/03/01;2,0355
05/03/01;2,0232
06/03/01;2,0208
07/03/01;2,0391
08/03/01;2,0385
09/03/01;2,0599
12/03/01;2,0552
13/03/01;2,0622
14/03/01;2,0763
15/03/01;2,0864
16/03/01;2,1217
19/03/01;2,1277
20/03/01;2,0929
21/03/01;2,1
22/03/01;2,1419
23/03/01;2,1586
26/03/01;2,1373
27/03/01;2,1236
28/03/01;2,117
29/03/01;2,1369
30/03/01;2,1616
02/04/01;2,1584
03/04/01;2,1732
04/04/01;2,1632
05/04/01;2,1589
06/04/01;2,1521
09/04/01;2,1642
10/04/01;2,1422
11/04/01;2,1384
12/04/01;2,1573
16/04/01;2,1825
17/04/01;2,1888
18/04/01;2,175
19/04/01;2,1882
20/04/01;2,2364
23/04/01;2,2586
24/04/01;2,2538
25/04/01;2,3011
26/04/01;2,2541
27/04/01;2,218
30/04/01;2,1847
02/05/01;2,2239
03/05/01;2,2353
04/05/01;2,2187
07/05/01;2,1957
08/05/01;2,2319
09/05/01;2,2586
10/05/01;2,2695
11/05/01;2,2863
14/05/01;2,3062
15/05/01;2,3384
16/05/01;2,3219
17/05/01;2,3036
18/05/01;2,2941
21/05/01;2,3278
22/05/01;2,3062
23/05/01;2,3427
24/05/01;2,3494
25/05/01;2,3403
28/05/01;2,3265
29/05/01;2,3425
30/05/01;2,3596
31/05/01;2,36
01/06/01;2,3833
04/06/01;2,3629
05/06/01;2,3895
06/06/01;2,3821
07/06/01;2,388
08/06/01;2,3619
11/06/01;2,3722
12/06/01;2,3906
13/06/01;2,4078
15/06/01;2,4079
18/06/01;2,4586
19/06/01;2,4675
20/06/01;2,4748
21/06/01;2,4054
22/06/01;2,3296
25/06/01;2,2997
26/06/01;2,3139
27/06/01;2,3236
28/06/01;2,2923
29/06/01;2,3049
02/07/01;2,3249
03/07/01;2,3395
04/07/01;2,3907
05/07/01;2,4113
06/07/01;2,4943
09/07/01;2,4548
10/07/01;2,4802
11/07/01;2,53
12/07/01;2,5423
13/07/01;2,5538
16/07/01;2,5979
17/07/01;2,5304
18/07/01;2,4696
19/07/01;2,5032
20/07/01;2,4573
23/07/01;2,4108
24/07/01;2,4247
25/07/01;2,4914
26/07/01;2,4836
27/07/01;2,4971
30/07/01;2,4334
31/07/01;2,4313
01/08/01;2,4935
02/08/01;2,4877
03/08/01;2,4884
06/08/01;2,469
07/08/01;2,4463
08/08/01;2,4704
09/08/01;2,4668
10/08/01;2,4842
13/08/01;2,491
14/08/01;2,514
15/08/01;2,5005
16/08/01;2,4877
17/08/01;2,5235
20/08/01;2,5306
21/08/01;2,5353
22/08/01;2,5231
23/08/01;2,5282
24/08/01;2,55
27/08/01;2,5585
28/08/01;2,5564
29/08/01;2,5474
30/08/01;2,5403
31/08/01;2,5517
03/09/01;2,559
04/09/01;2,5642
05/09/01;2,5669
06/09/01;2,5927
10/09/01;2,6013
11/09/01;2,6369
12/09/01;2,6741
13/09/01;2,6978
14/09/01;2,6986
17/09/01;2,6679
18/09/01;2,6793
19/09/01;2,7065
20/09/01;2,7322
21/09/01;2,8007
24/09/01;2,7675
25/09/01;2,7133
26/09/01;2,7264
27/09/01;2,705
28/09/01;2,6713
01/10/01;2,6866
02/10/01;2,7038
03/10/01;2,7287
04/10/01;2,7326
05/10/01;2,754
08/10/01;2,7828
09/10/01;2,7797
10/10/01;2,7784
11/10/01;2,7799
15/10/01;2,779
16/10/01;2,7526
17/10/01;2,7211
18/10/01;2,7425
19/10/01;2,7573
22/10/01;2,7176
23/10/01;2,7168
24/10/01;2,7438
25/10/01;2,7428
26/10/01;2,729
29/10/01;2,7246
30/10/01;2,7231
31/10/01;2,7071
01/11/01;2,682
05/11/01;2,6208
06/11/01;2,6003
07/11/01;2,6055
08/11/01;2,5571
09/11/01;2,5347
12/11/01;2,5502
13/11/01;2,527
14/11/01;2,5299
16/11/01;2,5392
19/11/01;2,5154
20/11/01;2,535
21/11/01;2,5411
22/11/01;2,5383
23/11/01;2,5134
26/11/01;2,4894
27/11/01;2,4604
28/11/01;2,4857
29/11/01;2,5072
30/11/01;2,5287
03/12/01;2,4672
04/12/01;2,4289
05/12/01;2,4306
06/12/01;2,4435
07/12/01;2,4005
10/12/01;2,3579
11/12/01;2,3417
12/12/01;2,3551
13/12/01;2,3847
14/12/01;2,384
17/12/01;2,358
18/12/01;2,343
19/12/01;2,293
20/12/01;2,3202
21/12/01;2,3311
24/12/01;2,3378
26/12/01;2,3145
27/12/01;2,3215
28/12/01;2,3204
31/12/01;2,3204
02/01/02;2,3066
03/01/02;2,2932
04/01/02;2,3101
07/01/02;2,3428
08/01/02;2,3454
09/01/02;2,3794
10/01/02;2,3896
11/01/02;2,4168
14/01/02;2,4072
15/01/02;2,3705
16/01/02;2,3867
17/01/02;2,3641
18/01/02;2,3752
21/01/02;2,3742
22/01/02;2,3667
23/01/02;2,3804
24/01/02;2,3981
25/01/02;2,4046
28/01/02;2,4228
29/01/02;2,4234
30/01/02;2,4384
31/01/02;2,4183
01/02/02;2,4161
04/02/02;2,4228
05/02/02;2,4214
06/02/02;2,4206
07/02/02;2,4518
08/02/02;2,4691
13/02/02;2,4232
14/02/02;2,4249
15/02/02;2,438
18/02/02;2,4284
19/02/02;2,4249
20/02/02;2,4284
21/02/02;2,4241
22/02/02;2,4273
25/02/02;2,4062
26/02/02;2,3947
27/02/02;2,3827
28/02/02;2,3482
01/03/02;2,3596
04/03/02;2,3432
05/03/02;2,3251
06/03/02;2,352
07/03/02;2,3663
08/03/02;2,3582
11/03/02;2,3487
12/03/02;2,3496
13/03/02;2,3368
14/03/02;2,3441
15/03/02;2,3542
18/03/02;2,3406
19/03/02;2,3432
20/03/02;2,338
21/03/02;2,3475
22/03/02;2,3508
25/03/02;2,3641
26/03/02;2,3502
27/03/02;2,3371
28/03/02;2,3236
01/04/02;2,322
02/04/02;2,3022
03/04/02;2,2977
04/04/02;2,3118
05/04/02;2,2924
08/04/02;2,2907
09/04/02;2,2842
10/04/02;2,2728
11/04/02;2,2709
12/04/02;2,2988
15/04/02;2,318
16/04/02;2,3172
17/04/02;2,3165
18/04/02;2,3327
19/04/02;2,3269
22/04/02;2,3347
23/04/02;2,3487
24/04/02;2,3568
25/04/02;2,3666
26/04/02;2,3558
29/04/02;2,3689
30/04/02;2,3625
02/05/02;2,377
03/05/02;2,4149
06/05/02;2,4327
07/05/02;2,4174
08/05/02;2,4341
09/05/02;2,4519
10/05/02;2,4838
13/05/02;2,4952
14/05/02;2,5154
15/05/02;2,5117
16/05/02;2,4799
17/05/02;2,4763
20/05/02;2,4737
21/05/02;2,4787
22/05/02;2,5016
23/05/02;2,5296
24/05/02;2,524
27/05/02;2,5228
28/05/02;2,5248
29/05/02;2,5201
31/05/02;2,522
03/06/02;2,5413
04/06/02;2,5697
05/06/02;2,6086
06/06/02;2,6418
07/06/02;2,6708
10/06/02;2,6367
11/06/02;2,6664
12/06/02;2,7486
13/06/02;2,6922
14/06/02;2,7181
17/06/02;2,6823
18/06/02;2,67
19/06/02;2,703
20/06/02;2,7505
21/06/02;2,791
24/06/02;2,8269
25/06/02;2,7995
26/06/02;2,8584
27/06/02;2,8593
28/06/02;2,8444
01/07/02;2,8595
02/07/02;2,9141
03/07/02;2,8617
04/07/02;2,8481
05/07/02;2,8746
08/07/02;2,8711
09/07/02;2,8551
10/07/02;2,8541
11/07/02;2,8232
12/07/02;2,8147
15/07/02;2,8455
16/07/02;2,8671
17/07/02;2,8783
18/07/02;2,8772
19/07/02;2,8671
22/07/02;2,8816
23/07/02;2,9132
24/07/02;2,9479
25/07/02;2,9822
26/07/02;3,0177
29/07/02;3,1449
30/07/02;3,2692
31/07/02;3,4285
01/08/02;3,3275
02/08/02;3,0302
05/08/02;3,0732
06/08/02;3,207
07/08/02;3,0598
08/08/02;2,8883
09/08/02;2,9964
12/08/02;3,0979
13/08/02;3,2094
14/08/02;3,1965
15/08/02;3,1912
16/08/02;3,162
19/08/02;3,1142
20/08/02;3,0923
21/08/02;3,0794
22/08/02;3,1417
23/08/02;3,1136
26/08/02;3,0788
27/08/02;3,0949
28/08/02;3,1219
29/08/02;3,1239
30/08/02;3,0223
02/09/02;3,0286
03/09/02;3,0988
04/09/02;3,1325
05/09/02;3,1512
06/09/02;3,1783
09/09/02;3,1312
10/09/02;3,1306
11/09/02;3,1153
12/09/02;3,1239
13/09/02;3,1506
16/09/02;3,1884
17/09/02;3,2248
18/09/02;3,324
19/09/02;3,3843
20/09/02;3,4277
23/09/02;3,5448
24/09/02;3,6216
25/09/02;3,7257
26/09/02;3,7516
27/09/02;3,8541
30/09/02;3,8949
01/10/02;3,7467
02/10/02;3,5936
03/10/02;3,6952
04/10/02;3,6593
07/10/02;3,6965
08/10/02;3,7017
09/10/02;3,852
10/10/02;3,9228
11/10/02;3,9235
14/10/02;3,8613
15/10/02;3,8567
16/10/02;3,8744
17/10/02;3,9245
18/10/02;3,8759
21/10/02;3,9125
22/10/02;3,9552
23/10/02;3,8704
24/10/02;3,8617
25/10/02;3,8015
28/10/02;3,7406
29/10/02;3,8211
30/10/02;3,7443
31/10/02;3,645
01/11/02;3,6113
04/11/02;3,5418
05/11/02;3,5625
06/11/02;3,5976
07/11/02;3,6218
08/11/02;3,5271
11/11/02;3,5035
12/11/02;3,5527
13/11/02;3,6342
14/11/02;3,6797
18/11/02;3,5889
19/11/02;3,5547
20/11/02;3,5146
21/11/02;3,5103
22/11/02;3,5616
25/11/02;3,5492
26/11/02;3,5872
27/11/02;3,5898
28/11/02;3,603
29/11/02;3,6365
02/12/02;3,616
03/12/02;3,6625
04/12/02;3,7049
05/12/02;3,7514
06/12/02;3,7526
09/12/02;3,798
10/12/02;3,7685
11/12/02;3,7954
12/12/02;3,7535
13/12/02;3,7342
16/12/02;3,6318
17/12/02;3,5827
18/12/02;3,5316
19/12/02;3,5047
20/12/02;3,4278
23/12/02;3,4947
24/12/02;3,501
26/12/02;3,5251
27/12/02;3,5413
30/12/02;3,5333
31/12/02;3,5333
02/01/03;3,5224
03/01/03;3,4698
06/01/03;3,3664
07/01/03;3,3423
08/01/03;3,3124
09/01/03;3,3297
10/01/03;3,2918
13/01/03;3,2956
14/01/03;3,2758
15/01/03;3,2983
16/01/03;3,2937
17/01/03;3,3632
20/01/03;3,4103
21/01/03;3,4402
22/01/03;3,5189
23/01/03;3,4901
24/01/03;3,5923
27/01/03;3,6623
28/01/03;3,6312
29/01/03;3,6417
30/01/03;3,5696
31/01/03;3,5258
03/02/03;3,493
04/02/03;3,5406
05/02/03;3,5845
06/02/03;3,6045
07/02/03;3,5802
10/02/03;3,6042
11/02/03;3,5737
12/02/03;3,6003
13/02/03;3,6359
14/02/03;3,658
17/02/03;3,6232
18/02/03;3,5889
19/02/03;3,5935
20/02/03;3,6067
21/02/03;3,6097
24/02/03;3,587
25/02/03;3,6013
26/02/03;3,5817
27/02/03;3,585
28/02/03;3,5632
05/03/03;3,5637
06/03/03;3,526
07/03/03;3,501
10/03/03;3,5281
11/03/03;3,5061
12/03/03;3,4763
13/03/03;3,4293
14/03/03;3,3958
17/03/03;3,4442
18/03/03;3,4308
19/03/03;3,4576
20/03/03;3,483
21/03/03;3,4462
24/03/03;3,407
25/03/03;3,3892
26/03/03;3,3747
27/03/03;3,4031
28/03/03;3,3757
31/03/03;3,3531
01/04/03;3,3359
02/04/03;3,2795
03/04/03;3,2563
04/04/03;3,2469
07/04/03;3,1723
08/04/03;3,1649
09/04/03;3,1857
10/04/03;3,2157
11/04/03;3,2147
14/04/03;3,1818
15/04/03;3,1154
16/04/03;3,0752
17/04/03;3,0289
22/04/03;3,0639
23/04/03;3,0147
24/04/03;3,0029
25/04/03;3,0123
28/04/03;2,9915
29/04/03;2,9251
30/04/03;2,8898
02/05/03;2,9159
05/05/03;2,9845
06/05/03;3,0277
07/05/03;2,9639
08/05/03;2,9177
09/05/03;2,8802
12/05/03;2,8757
13/05/03;2,8653
14/05/03;2,8902
15/05/03;2,9306
16/05/03;2,9731
19/05/03;2,9815
20/05/03;3,0141
21/05/03;3,0109
22/05/03;2,9842
23/05/03;2,9445
26/05/03;2,9565
27/05/03;3,0257
28/05/03;3,014
29/05/03;2,9488
30/05/03;2,9656
02/06/03;2,978
03/06/03;2,964
04/06/03;2,9112
05/06/03;2,8929
06/06/03;2,8491
09/06/03;2,8682
10/06/03;2,8603
11/06/03;2,8692
12/06/03;2,862
13/06/03;2,857
16/06/03;2,8508
17/06/03;2,8744
18/06/03;2,8902
20/06/03;2,8933
23/06/03;2,8788
24/06/03;2,8616
25/06/03;2,8559
26/06/03;2,894
27/06/03;2,8812
30/06/03;2,872
01/07/03;2,8443
02/07/03;2,8219
03/07/03;2,8332
04/07/03;2,8299
07/07/03;2,8676
08/07/03;2,8823
09/07/03;2,8671
10/07/03;2,8922
11/07/03;2,9029
14/07/03;2,8753
15/07/03;2,8554
16/07/03;2,8677
17/07/03;2,8563
18/07/03;2,8774
21/07/03;2,8828
22/07/03;2,8826
23/07/03;2,8878
24/07/03;2,8961
25/07/03;2,8885
28/07/03;2,8965
29/07/03;2,9155
30/07/03;2,9473
31/07/03;2,9655
01/08/03;3,0006
04/08/03;3,074
05/08/03;3,0366
06/08/03;3,039
07/08/03;3,0069
08/08/03;2,9892
11/08/03;2,9945
12/08/03;3,0237
13/08/03;3,0309
14/08/03;3,014
15/08/03;2,993
18/08/03;2,9848
19/08/03;2,9973
20/08/03;3,001
21/08/03;3,0032
22/08/03;2,9926
25/08/03;2,9895
26/08/03;2,9896
27/08/03;2,9734
28/08/03;2,9531
29/08/03;2,9665
01/09/03;2,984
02/09/03;2,9789
03/09/03;2,9568
04/09/03;2,9418
05/09/03;2,9216
08/09/03;2,9155
09/09/03;2,9306
10/09/03;2,9125
11/09/03;2,8991
12/09/03;2,8959
15/09/03;2,8898
16/09/03;2,8967
17/09/03;2,9057
18/09/03;2,8975
19/09/03;2,9065
22/09/03;2,9021
23/09/03;2,9145
24/09/03;2,9244
25/09/03;2,9306
26/09/03;2,9373
29/09/03;2,9374
30/09/03;2,9234
01/10/03;2,9034
02/10/03;2,8989
03/10/03;2,8875
06/10/03;2,8753
07/10/03;2,8701
08/10/03;2,8444
09/10/03;2,8422
10/10/03;2,8401
13/10/03;2,8371
14/10/03;2,8425
15/10/03;2,8268
16/10/03;2,8409
17/10/03;2,8635
20/10/03;2,8839
21/10/03;2,8642
22/10/03;2,8602
23/10/03;2,8698
24/10/03;2,8695
27/10/03;2,8728
28/10/03;2,8675
29/10/03;2,8537
30/10/03;2,844
31/10/03;2,8562
03/11/03;2,8559
04/11/03;2,8607
05/11/03;2,8596
06/11/03;2,8708
07/11/03;2,8699
10/11/03;2,8807
11/11/03;2,8955
12/11/03;2,9112
13/11/03;2,9196
14/11/03;2,9418
17/11/03;2,9546
18/11/03;2,9421
19/11/03;2,9507
20/11/03;2,948
21/11/03;2,9301
24/11/03;2,927
25/11/03;2,9246
26/11/03;2,9361
27/11/03;2,9477
28/11/03;2,9494
01/12/03;2,9341
02/12/03;2,9273
03/12/03;2,9316
04/12/03;2,9403
05/12/03;2,9398
08/12/03;2,9422
09/12/03;2,935
10/12/03;2,9429
11/12/03;2,9434
12/12/03;2,942
15/12/03;2,9293
16/12/03;2,932
17/12/03;2,9381
18/12/03;2,9341
19/12/03;2,9278
22/12/03;2,9239
23/12/03;2,9175
24/12/03;2,9082
26/12/03;2,8994
29/12/03;2,8883
30/12/03;2,8892
31/12/03;2,8892
02/01/04;2,8862
05/01/04;2,8627
06/01/04;2,8508
07/01/04;2,8723
08/01/04;2,8588
09/01/04;2,8422
12/01/04;2,8163
13/01/04;2,8022
14/01/04;2,8142
15/01/04;2,8126
16/01/04;2,8184
19/01/04;2,8419
20/01/04;2,8382
21/01/04;2,8417
22/01/04;2,8417
23/01/04;2,8435
26/01/04;2,8431
27/01/04;2,8587
28/01/04;2,8785
29/01/04;2,9236
30/01/04;2,9409
02/02/04;2,9486
03/02/04;2,9326
04/02/04;2,9106
05/02/04;2,9335
06/02/04;2,95
09/02/04;2,9341
10/02/04;2,9198
11/02/04;2,9253
12/02/04;2,9042
13/02/04;2,9085
16/02/04;2,9066
17/02/04;2,9125
18/02/04;2,9296
19/02/04;2,9509
20/02/04;2,9878
25/02/04;2,9403
26/02/04;2,9369
27/02/04;2,9138
01/03/04;2,8945
02/03/04;2,9086
03/03/04;2,8812
04/03/04;2,8878
05/03/04;2,879
08/03/04;2,8752
09/03/04;2,8758
10/03/04;2,8891
11/03/04;2,9132
12/03/04;2,9063
15/03/04;2,9013
16/03/04;2,9001
17/03/04;2,907
18/03/04;2,9135
19/03/04;2,9
22/03/04;2,9107
23/03/04;2,9144
24/03/04;2,9264
25/03/04;2,9337
26/03/04;2,941
29/03/04;2,9365
30/03/04;2,9216
31/03/04;2,9086
01/04/04;2,8904
02/04/04;2,893
05/04/04;2,8851
06/04/04;2,8743
07/04/04;2,8773
08/04/04;2,8802
12/04/04;2,8855
13/04/04;2,8851
14/04/04;2,8956
15/04/04;2,9064
16/04/04;2,9153
19/04/04;2,9101
20/04/04;2,9186
22/04/04;2,9305
23/04/04;2,9173
26/04/04;2,9085
27/04/04;2,9161
28/04/04;2,9335
29/04/04;2,9522
30/04/04;2,9447
03/05/04;2,9569
04/05/04;2,9696
05/05/04;2,9616
06/05/04;2,9899
07/05/04;3,0504
10/05/04;3,1249
11/05/04;3,1051
12/05/04;3,1211
13/05/04;3,1279
14/05/04;3,0982
17/05/04;3,122
18/05/04;3,1169
19/05/04;3,1059
20/05/04;3,1813
21/05/04;3,2051
24/05/04;3,1798
25/05/04;3,1576
26/05/04;3,157
27/05/04;3,1524
28/05/04;3,0961
31/05/04;3,1291
01/06/04;3,1567
02/06/04;3,1302
03/06/04;3,1443
04/06/04;3,1335
07/06/04;3,1119
08/06/04;3,1155
09/06/04;3,1166
11/06/04;3,1402
14/06/04;3,1651
15/06/04;3,138
16/06/04;3,1405
17/06/04;3,128
18/06/04;3,1388
21/06/04;3,1298
22/06/04;3,1341
23/06/04;3,1258
24/06/04;3,103
25/06/04;3,1096
28/06/04;3,1247
29/06/04;3,1183
30/06/04;3,1075
01/07/04;3,0747
02/07/04;3,0502
05/07/04;3,0316
06/07/04;3,0418
07/07/04;3,0367
08/07/04;3,0475
09/07/04;3,0429
12/07/04;3,0371
13/07/04;3,042
14/07/04;3,0284
15/07/04;3,0215
16/07/04;3,0021
19/07/04;2,9939
20/07/04;3,0041
21/07/04;3,0247
22/07/04;3,0392
23/07/04;3,0465
26/07/04;3,0573
27/07/04;3,067
28/07/04;3,0557
29/07/04;3,0374
30/07/04;3,0268
02/08/04;3,0466
03/08/04;3,055
04/08/04;3,0579
05/08/04;3,0637
06/08/04;3,0489
09/08/04;3,0396
10/08/04;3,0285
11/08/04;3,0392
12/08/04;3,0307
13/08/04;3,0235
16/08/04;3,0146
17/08/04;2,9989
18/08/04;2,9922
19/08/04;2,9793
20/08/04;2,9742
23/08/04;2,9687
24/08/04;2,9576
25/08/04;2,9512
26/08/04;2,9541
27/08/04;2,9571
30/08/04;2,9488
31/08/04;2,9338
01/09/04;2,9298
02/09/04;2,9361
03/09/04;2,9289
06/09/04;2,9142
08/09/04;2,9014
09/09/04;2,9028
10/09/04;2,8988
13/09/04;2,906
14/09/04;2,9125
15/09/04;2,9042
16/09/04;2,8892
17/09/04;2,8744
20/09/04;2,8676
21/09/04;2,8737
22/09/04;2,8677
23/09/04;2,8725
24/09/04;2,8735
27/09/04;2,8728
28/09/04;2,8692
29/09/04;2,8602
30/09/04;2,8586
01/10/04;2,8513
04/10/04;2,8265
05/10/04;2,8241
06/10/04;2,8362
07/10/04;2,8518
08/10/04;2,8251
11/10/04;2,8318
13/10/04;2,8374
14/10/04;2,8631
15/10/04;2,8623
18/10/04;2,8547
19/10/04;2,8706
20/10/04;2,8847
21/10/04;2,8535
22/10/04;2,8489
25/10/04;2,8817
26/10/04;2,8729
27/10/04;2,8585
28/10/04;2,8655
29/10/04;2,8565
01/11/04;2,859
03/11/04;2,8304
04/11/04;2,8211
05/11/04;2,8186
08/11/04;2,8299
09/11/04;2,8287
10/11/04;2,8209
11/11/04;2,82
12/11/04;2,7991
16/11/04;2,7856
17/11/04;2,7674
18/11/04;2,7603
19/11/04;2,7637
22/11/04;2,7678
23/11/04;2,7446
24/11/04;2,7485
25/11/04;2,7511
26/11/04;2,7332
29/11/04;2,7402
30/11/04;2,7307
01/12/04;2,7145
02/12/04;2,7239
03/12/04;2,7095
06/12/04;2,7186
07/12/04;2,7322
08/12/04;2,7664
09/12/04;2,7744
10/12/04;2,7867
13/12/04;2,7697
14/12/04;2,758
15/12/04;2,7508
16/12/04;2,7293
17/12/04;2,7247
20/12/04;2,6927
21/12/04;2,6892
22/12/04;2,699
23/12/04;2,7067
24/12/04;2,6912
27/12/04;2,6983
28/12/04;2,6895
29/12/04;2,6836
30/12/04;2,6544
31/12/04;2,6544
03/01/05;2,6682
04/01/05;2,6887
05/01/05;2,7096
06/01/05;2,7207
07/01/05;2,7032
10/01/05;2,6973
11/01/05;2,7106
12/01/05;2,7113
13/01/05;2,7011
14/01/05;2,7074
17/01/05;2,7007
18/01/05;2,7139
19/01/05;2,7185
20/01/05;2,7222
21/01/05;2,6999
24/01/05;2,678
25/01/05;2,6794
26/01/05;2,6748
27/01/05;2,6645
28/01/05;2,6587
31/01/05;2,6248
01/02/05;2,613
02/02/05;2,624
03/02/05;2,6034
04/02/05;2,603
09/02/05;2,6078
10/02/05;2,6122
11/02/05;2,6173
14/02/05;2,5834
15/02/05;2,5762
16/02/05;2,5926
17/02/05;2,5737
18/02/05;2,5621
21/02/05;2,5762
22/02/05;2,5937
23/02/05;2,5857
24/02/05;2,6098
25/02/05;2,632
28/02/05;2,595
01/03/05;2,6011
02/03/05;2,6368
03/03/05;2,6698
04/03/05;2,6615
07/03/05;2,6624
08/03/05;2,6934
09/03/05;2,7113
10/03/05;2,7319
11/03/05;2,7021
14/03/05;2,7523
15/03/05;2,7621
16/03/05;2,757
17/03/05;2,7522
18/03/05;2,7163
21/03/05;2,7288
22/03/05;2,706
23/03/05;2,7403
24/03/05;2,7303
28/03/05;2,7385
29/03/05;2,7031
30/03/05;2,6808
31/03/05;2,6662
01/04/05;2,655
04/04/05;2,6598
05/04/05;2,6255
06/04/05;2,6067
07/04/05;2,6019
08/04/05;2,5942
11/04/05;2,5783
12/04/05;2,5899
13/04/05;2,5598
14/04/05;2,5747
15/04/05;2,5971
18/04/05;2,6157
19/04/05;2,5825
20/04/05;2,5645
22/04/05;2,5392
25/04/05;2,5308
26/04/05;2,5355
27/04/05;2,5195
28/04/05;2,5217
29/04/05;2,5313
02/05/05;2,5146
03/05/05;2,5007
04/05/05;2,4765
05/05/05;2,4687
06/05/05;2,4594
09/05/05;2,4538
10/05/05;2,465
11/05/05;2,4719
12/05/05;2,4648
13/05/05;2,4715
16/05/05;2,4772
17/05/05;2,4779
18/05/05;2,4636
19/05/05;2,4458
20/05/05;2,4493
23/05/05;2,4299
24/05/05;2,4313
25/05/05;2,4116
27/05/05;2,3934
30/05/05;2,3784
31/05/05;2,4038
01/06/05;2,4286
02/06/05;2,4202
03/06/05;2,4029
06/06/05;2,4576
07/06/05;2,4632
08/06/05;2,4464
09/06/05;2,4891
10/06/05;2,4751
13/06/05;2,4562
14/06/05;2,4375
15/06/05;2,4455
16/06/05;2,4161
17/06/05;2,3873
20/06/05;2,3855
21/06/05;2,3772
22/06/05;2,3703
23/06/05;2,3932
24/06/05;2,3877
27/06/05;2,383
28/06/05;2,3694
29/06/05;2,3549
30/06/05;2,3504
01/07/05;2,3459
04/07/05;2,3715
05/07/05;2,3668
06/07/05;2,3901
07/07/05;2,389
08/07/05;2,3683
11/07/05;2,3502
12/07/05;2,3353
13/07/05;2,3482
14/07/05;2,3433
15/07/05;2,3427
18/07/05;2,3304
19/07/05;2,3434
20/07/05;2,3522
21/07/05;2,3405
22/07/05;2,3761
25/07/05;2,4287
26/07/05;2,4656
27/07/05;2,4439
28/07/05;2,4211
29/07/05;2,3905
01/08/05;2,3785
02/08/05;2,353
03/08/05;2,3151
04/08/05;2,3054
05/08/05;2,2986
08/08/05;2,31
09/08/05;2,3151
10/08/05;2,2767
11/08/05;2,3169
12/08/05;2,3758
15/08/05;2,3422
16/08/05;2,3442
17/08/05;2,3492
18/08/05;2,3637
19/08/05;2,4316
22/08/05;2,4028
23/08/05;2,4097
24/08/05;2,4235
25/08/05;2,4203
26/08/05;2,4129
29/08/05;2,3995
30/08/05;2,3861
31/08/05;2,3637
01/09/05;2,3623
02/09/05;2,3429
05/09/05;2,3295
06/09/05;2,3262
08/09/05;2,3198
09/09/05;2,3175
12/09/05;2,3197
13/09/05;2,3269
14/09/05;2,33
15/09/05;2,3012
16/09/05;2,2937
19/09/05;2,2905
20/09/05;2,2948
21/09/05;2,2827
22/09/05;2,2752
23/09/05;2,2682
26/09/05;2,2583
27/09/05;2,2533
28/09/05;2,2433
29/09/05;2,2244
30/09/05;2,2222
03/10/05;2,2339
04/10/05;2,2424
05/10/05;2,2685
06/10/05;2,2886
07/10/05;2,263
10/10/05;2,2384
11/10/05;2,2351
13/10/05;2,2627
14/10/05;2,2511
17/10/05;2,2352
18/10/05;2,2405
19/10/05;2,2535
20/10/05;2,2443
21/10/05;2,2546
24/10/05;2,2623
25/10/05;2,2618
26/10/05;2,2746
27/10/05;2,2851
28/10/05;2,2791
31/10/05;2,2543
01/11/05;2,2516
03/11/05;2,2336
04/11/05;2,2231
07/11/05;2,2013
08/11/05;2,2032
09/11/05;2,1717
10/11/05;2,1757
11/11/05;2,1633
14/11/05;2,199
16/11/05;2,1974
17/11/05;2,1866
18/11/05;2,2187
21/11/05;2,2181
22/11/05;2,2511
23/11/05;2,238
24/11/05;2,237
25/11/05;2,2329
28/11/05;2,2094
29/11/05;2,198
30/11/05;2,207
01/12/05;2,2177
02/12/05;2,2061
05/12/05;2,1968
06/12/05;2,1807
07/12/05;2,18
08/12/05;2,2127
09/12/05;2,2446
12/12/05;2,2634
13/12/05;2,2565
14/12/05;2,2779
15/12/05;2,2957
16/12/05;2,3356
19/12/05;2,3735
20/12/05;2,3497
21/12/05;2,3168
22/12/05;2,3254
23/12/05;2,3327
26/12/05;2,3325
27/12/05;2,3526
28/12/05;2,3483
29/12/05;2,3407
30/12/05;2,3407
02/01/06;2,337
03/01/06;2,346
04/01/06;2,3066
05/01/06;2,2825
06/01/06;2,287
09/01/06;2,2632
10/01/06;2,2638
11/01/06;2,2679
12/01/06;2,2729
13/01/06;2,2747
16/01/06;2,2762
17/01/06;2,2924
18/01/06;2,3276
19/01/06;2,3225
20/01/06;2,2756
23/01/06;2,2609
24/01/06;2,244
25/01/06;2,2433
26/01/06;2,2382
27/01/06;2,2152
30/01/06;2,2116
31/01/06;2,216
01/02/06;2,2217
02/02/06;2,221
03/02/06;2,2202
06/02/06;2,1877
07/02/06;2,1866
08/02/06;2,1956
09/02/06;2,1778
10/02/06;2,1575
13/02/06;2,1621
14/02/06;2,1435
15/02/06;2,1375
16/02/06;2,1177
17/02/06;2,1186
20/02/06;2,1182
21/02/06;2,1297
22/02/06;2,1484
23/02/06;2,1353
24/02/06;2,1355
01/03/06;2,1181
02/03/06;2,1134
03/03/06;2,1155
06/03/06;2,1261
07/03/06;2,1682
08/03/06;2,1778
09/03/06;2,1615
10/03/06;2,1447
13/03/06;2,1349
14/03/06;2,1269
15/03/06;2,1215
16/03/06;2,1067
17/03/06;2,1188
20/03/06;2,1386
21/03/06;2,1591
22/03/06;2,1553
23/03/06;2,1506
24/03/06;2,1628
27/03/06;2,1804
28/03/06;2,2238
29/03/06;2,2228
30/03/06;2,1952
31/03/06;2,1724
03/04/06;2,1542
04/04/06;2,1293
05/04/06;2,1344
06/04/06;2,1299
07/04/06;2,1409
10/04/06;2,1522
11/04/06;2,142
12/04/06;2,1336
13/04/06;2,1426
17/04/06;2,1343
18/04/06;2,1292
19/04/06;2,1143
20/04/06;2,1236
24/04/06;2,1182
25/04/06;2,1233
26/04/06;2,1224
27/04/06;2,1136
28/04/06;2,0892
02/05/06;2,0718
03/05/06;2,0706
04/05/06;2,0667
05/05/06;2,0587
08/05/06;2,0651
09/05/06;2,0642
10/05/06;2,0586
11/05/06;2,0881
12/05/06;2,1307
15/05/06;2,1774
16/05/06;2,1403
17/05/06;2,1826
18/05/06;2,1833
19/05/06;2,193
22/05/06;2,2883
23/05/06;2,2601
24/05/06;2,3711
25/05/06;2,315
26/05/06;2,252
29/05/06;2,2566
30/05/06;2,3235
31/05/06;2,3005
01/06/06;2,2713
02/06/06;2,2595
05/06/06;2,2557
06/06/06;2,2686
07/06/06;2,25
08/06/06;2,2701
09/06/06;2,2615
12/06/06;2,2707
13/06/06;2,3018
14/06/06;2,2845
16/06/06;2,2521
19/06/06;2,2404
20/06/06;2,2506
21/06/06;2,2378
22/06/06;2,2391
23/06/06;2,2462
26/06/06;2,2259
27/06/06;2,2315
28/06/06;2,2262
29/06/06;2,2063
30/06/06;2,1643
03/07/06;2,1701
04/07/06;2,1646
05/07/06;2,1955
06/07/06;2,184
07/07/06;2,1765
10/07/06;2,175
11/07/06;2,1859
12/07/06;2,1915
13/07/06;2,2106
14/07/06;2,213
17/07/06;2,2126
18/07/06;2,1962
19/07/06;2,181
20/07/06;2,1895
21/07/06;2,1935
24/07/06;2,1916
25/07/06;2,1993
26/07/06;2,1984
27/07/06;2,1899
28/07/06;2,18
31/07/06;2,1762
01/08/06;2,1905
02/08/06;2,1821
03/08/06;2,1835
04/08/06;2,172
07/08/06;2,1793
08/08/06;2,1839
09/08/06;2,1687
10/08/06;2,1628
11/08/06;2,1616
14/08/06;2,1605
15/08/06;2,148
16/08/06;2,1329
17/08/06;2,1365
18/08/06;2,1456
21/08/06;2,1361
22/08/06;2,1355
23/08/06;2,1354
24/08/06;2,1523
25/08/06;2,1571
28/08/06;2,1473
29/08/06;2,1419
30/08/06;2,133
31/08/06;2,1388
01/09/06;2,1468
04/09/06;2,1282
05/09/06;2,1288
06/09/06;2,1443
08/09/06;2,1582
11/09/06;2,1751
12/09/06;2,1732
13/09/06;2,17
14/09/06;2,1593
15/09/06;2,154
18/09/06;2,1453
19/09/06;2,1518
20/09/06;2,169
21/09/06;2,1969
22/09/06;2,2177
25/09/06;2,2188
26/09/06;2,198
27/09/06;2,186
28/09/06;2,1793
29/09/06;2,1742
02/10/06;2,1623
03/10/06;2,1655
04/10/06;2,1676
05/10/06;2,1629
06/10/06;2,1636
09/10/06;2,1588
10/10/06;2,1497
11/10/06;2,1546
13/10/06;2,1419
16/10/06;2,1331
17/10/06;2,1361
18/10/06;2,1339
19/10/06;2,1387
20/10/06;2,1457
23/10/06;2,1391
24/10/06;2,1467
25/10/06;2,151
26/10/06;2,1363
27/10/06;2,1378
30/10/06;2,1456
31/10/06;2,143
01/11/06;2,141
03/11/06;2,142
06/11/06;2,1378
07/11/06;2,1353
08/11/06;2,1464
09/11/06;2,1412
10/11/06;2,1489
13/11/06;2,162
14/11/06;2,1537
16/11/06;2,1517
17/11/06;2,1593
20/11/06;2,1622
21/11/06;2,1638
22/11/06;2,1623
23/11/06;2,1683
24/11/06;2,17
27/11/06;2,18
28/11/06;2,187
29/11/06;2,1783
30/11/06;2,1668
01/12/06;2,1672
04/12/06;2,1693
05/12/06;2,156
06/12/06;2,1528
07/12/06;2,1428
08/12/06;2,1442
11/12/06;2,1384
12/12/06;2,1481
13/12/06;2,1459
14/12/06;2,146
15/12/06;2,147
18/12/06;2,147
19/12/06;2,1572
20/12/06;2,156
21/12/06;2,1593
22/12/06;2,1518
26/12/06;2,1437
27/12/06;2,1497
28/12/06;2,138
29/12/06;2,138
02/01/07;2,1342
03/01/07;2,1372
04/01/07;2,1429
05/01/07;2,1474
08/01/07;2,1505
09/01/07;2,1506
10/01/07;2,1556
11/01/07;2,1465
12/01/07;2,1421
15/01/07;2,1407
16/01/07;2,1444
17/01/07;2,135
18/01/07;2,1329
19/01/07;2,1307
22/01/07;2,1327
23/01/07;2,1368
24/01/07;2,1286
25/01/07;2,1281
26/01/07;2,136
29/01/07;2,136
30/01/07;2,1329
31/01/07;2,1247
01/02/07;2,1093
02/02/07;2,0982
05/02/07;2,0964
06/02/07;2,0833
07/02/07;2,0852
08/02/07;2,0951
09/02/07;2,1033
12/02/07;2,114
13/02/07;2,1088
14/02/07;2,1
15/02/07;2,0896
16/02/07;2,0913
21/02/07;2,0802
22/02/07;2,0766
23/02/07;2,0868
26/02/07;2,0863
27/02/07;2,1099
28/02/07;2,1182
01/03/07;2,126
02/03/07;2,1274
05/03/07;2,1388
06/03/07;2,1209
07/03/07;2,1121
08/03/07;2,1054
09/03/07;2,0983
12/03/07;2,0902
13/03/07;2,0962
14/03/07;2,1044
15/03/07;2,0909
16/03/07;2,0915
19/03/07;2,0792
20/03/07;2,0763
21/03/07;2,0676
22/03/07;2,0602
23/03/07;2,0652
26/03/07;2,0601
27/03/07;2,0637
28/03/07;2,0716
29/03/07;2,0545
30/03/07;2,0504
02/04/07;2,0478
03/04/07;2,0372
04/04/07;2,0321
05/04/07;2,0333
09/04/07;2,0236
10/04/07;2,0282
11/04/07;2,0333
12/04/07;2,0371
13/04/07;2,0231
16/04/07;2,034
17/04/07;2,0348
18/04/07;2,0365
19/04/07;2,0312
20/04/07;2,0262
23/04/07;2,029
24/04/07;2,0385
25/04/07;2,0236
26/04/07;2,0252
27/04/07;2,0321
30/04/07;2,0339
02/05/07;2,0268
03/05/07;2,0239
04/05/07;2,0309
07/05/07;2,0266
08/05/07;2,0226
09/05/07;2,0222
10/05/07;2,0217
11/05/07;2,0194
14/05/07;2,0138
15/05/07;1,9922
16/05/07;1,9586
17/05/07;1,9573
18/05/07;1,963
21/05/07;1,9435
22/05/07;1,9409
23/05/07;1,9489
24/05/07;1,9653
25/05/07;1,952
28/05/07;1,9441
29/05/07;1,9461
30/05/07;1,9468
31/05/07;1,9289
01/06/07;1,9056
04/06/07;1,9215
05/06/07;1,9395
06/06/07;1,9617
08/06/07;1,9638
11/06/07;1,9473
12/06/07;1,942
13/06/07;1,9442
14/06/07;1,9303
15/06/07;1,9097
18/06/07;1,9047
19/06/07;1,9058
20/06/07;1,9198
21/06/07;1,9197
22/06/07;1,9334
25/06/07;1,9379
26/06/07;1,9488
27/06/07;1,9499
28/06/07;1,9256
29/06/07;1,9262
02/07/07;1,9176
03/07/07;1,9122
04/07/07;1,9099
05/07/07;1,9157
06/07/07;1,9033
09/07/07;1,8992
10/07/07;1,8947
11/07/07;1,89
12/07/07;1,8767
13/07/07;1,8684
16/07/07;1,8647
17/07/07;1,8621
18/07/07;1,8609
19/07/07;1,8536
20/07/07;1,8606
23/07/07;1,8448
24/07/07;1,8525
25/07/07;1,8643
26/07/07;1,9054
27/07/07;1,9069
30/07/07;1,8809
31/07/07;1,8776
01/08/07;1,8856
02/08/07;1,8729
03/08/07;1,8814
06/08/07;1,9106
07/08/07;1,9077
08/08/07;1,8866
09/08/07;1,9191
10/08/07;1,955
13/08/07;1,9411
14/08/07;1,9809
15/08/07;2,0043
16/08/07;2,1124
17/08/07;2,0376
20/08/07;2,028
21/08/07;2,0385
22/08/07;2,0173
23/08/07;1,9939
24/08/07;1,9855
27/08/07;1,9489
28/08/07;1,9849
29/08/07;1,9864
30/08/07;1,9777
31/08/07;1,962
03/09/07;1,9547
04/09/07;1,9528
05/09/07;1,964
06/09/07;1,9545
10/09/07;1,9591
11/09/07;1,9304
12/09/07;1,9125
13/09/07;1,8991
14/09/07;1,9031
17/09/07;1,9123
18/09/07;1,896
19/09/07;1,8639
20/09/07;1,8637
21/09/07;1,8618
24/09/07;1,8694
25/09/07;1,8656
26/09/07;1,8493
27/09/07;1,8409
28/09/07;1,8389
01/10/07;1,8225
02/10/07;1,8235
03/10/07;1,8274
04/10/07;1,8284
05/10/07;1,8092
08/10/07;1,8133
09/10/07;1,8108
10/10/07;1,8048
11/10/07;1,792
15/10/07;1,8078
16/10/07;1,8242
17/10/07;1,8138
18/10/07;1,8071
19/10/07;1,7964
22/10/07;1,8206
23/10/07;1,8007
24/10/07;1,7969
25/10/07;1,7896
26/10/07;1,7752
29/10/07;1,7595
30/10/07;1,7552
31/10/07;1,744
01/11/07;1,746
05/11/07;1,7556
06/11/07;1,7325
07/11/07;1,74
08/11/07;1,7354
09/11/07;1,749
12/11/07;1,774
13/11/07;1,7682
14/11/07;1,7378
16/11/07;1,7414
19/11/07;1,7593
20/11/07;1,7647
21/11/07;1,7866
22/11/07;1,7747
23/11/07;1,7962
26/11/07;1,811
27/11/07;1,8501
28/11/07;1,8018
29/11/07;1,7905
30/11/07;1,7837
03/12/07;1,7888
04/12/07;1,8233
05/12/07;1,7956
06/12/07;1,7873
07/12/07;1,7616
10/12/07;1,762
11/12/07;1,765
12/12/07;1,7624
13/12/07;1,7746
14/12/07;1,7959
17/12/07;1,8123
18/12/07;1,8091
19/12/07;1,8019
20/12/07;1,8032
21/12/07;1,7966
24/12/07;1,7909
26/12/07;1,7795
27/12/07;1,7671
28/12/07;1,7713
31/12/07;1,7713
02/01/08;1,7722
03/01/08;1,7569
04/01/08;1,7574
07/01/08;1,7675
08/01/08;1,7554
09/01/08;1,7691
10/01/08;1,7628
11/01/08;1,7536
14/01/08;1,7414
15/01/08;1,745
16/01/08;1,763
17/01/08;1,7687
18/01/08;1,785
21/01/08;1,8301
22/01/08;1,8041
23/01/08;1,8147
24/01/08;1,7883
25/01/08;1,7912
28/01/08;1,7906
29/01/08;1,7762
30/01/08;1,7802
31/01/08;1,7603
01/02/08;1,7451
06/02/08;1,7531
07/02/08;1,7627
08/02/08;1,7681
11/02/08;1,7601
12/02/08;1,7478
13/02/08;1,7459
14/02/08;1,7469
15/02/08;1,7541
18/02/08;1,7394
19/02/08;1,7329
20/02/08;1,7351
21/02/08;1,7104
22/02/08;1,704
25/02/08;1,7062
26/02/08;1,6882
27/02/08;1,6715
28/02/08;1,6723
29/02/08;1,6833
03/03/08;1,6816
04/03/08;1,673
05/03/08;1,67
06/03/08;1,672
07/03/08;1,6841
10/03/08;1,6996
11/03/08;1,6947
12/03/08;1,6796
13/03/08;1,6971
14/03/08;1,6947
17/03/08;1,7248
18/03/08;1,7007
19/03/08;1,7045
20/03/08;1,7424
24/03/08;1,7407
25/03/08;1,7341
26/03/08;1,7288
27/03/08;1,7345
28/03/08;1,7456
31/03/08;1,7491
01/04/08;1,7534
02/04/08;1,7273
03/04/08;1,7252
04/04/08;1,7117
07/04/08;1,699
08/04/08;1,7038
09/04/08;1,6878
10/04/08;1,6822
11/04/08;1,6876
14/04/08;1,6867
15/04/08;1,6822
16/04/08;1,6699
17/04/08;1,6588
18/04/08;1,6693
22/04/08;1,6575
23/04/08;1,6582
24/04/08;1,6687
25/04/08;1,6688
28/04/08;1,6764
29/04/08;1,7058
30/04/08;1,6872
02/05/08;1,6506
05/05/08;1,6578
06/05/08;1,6615
07/05/08;1,6741
08/05/08;1,6936
09/05/08;1,6949
12/05/08;1,6743
13/05/08;1,6583
14/05/08;1,6641
15/05/08;1,6601
16/05/08;1,6434
19/05/08;1,646
20/05/08;1,657
21/05/08;1,6492
23/05/08;1,6547
26/05/08;1,661
27/05/08;1,6681
28/05/08;1,663
29/05/08;1,6496
30/05/08;1,6294
02/06/08;1,632
03/06/08;1,6215
04/06/08;1,6307
05/06/08;1,6262
06/06/08;1,6282
09/06/08;1,6265
10/06/08;1,6392
11/06/08;1,6428
12/06/08;1,64
13/06/08;1,6368
16/06/08;1,6277
17/06/08;1,6127
18/06/08;1,6113
19/06/08;1,6051
20/06/08;1,6042
23/06/08;1,6117
24/06/08;1,6046
25/06/08;1,6001
26/06/08;1,5951
27/06/08;1,6077
30/06/08;1,5919
01/07/08;1,6061
02/07/08;1,5993
03/07/08;1,6089
04/07/08;1,61
07/07/08;1,6041
08/07/08;1,6027
09/07/08;1,6092
10/07/08;1,6147
11/07/08;1,6032
14/07/08;1,5942
15/07/08;1,591
16/07/08;1,596
17/07/08;1,5913
18/07/08;1,5938
21/07/08;1,5818
22/07/08;1,5811
23/07/08;1,5834
24/07/08;1,5781
25/07/08;1,5745
28/07/08;1,5754
29/07/08;1,573
30/07/08;1,5641
31/07/08;1,5666
01/08/08;1,5593
04/08/08;1,5659
05/08/08;1,5732
06/08/08;1,5782
07/08/08;1,5843
08/08/08;1,6136
11/08/08;1,6148
12/08/08;1,6161
13/08/08;1,6211
14/08/08;1,6204
15/08/08;1,6389
18/08/08;1,6349
19/08/08;1,6343
20/08/08;1,6207
21/08/08;1,6143
22/08/08;1,6217
25/08/08;1,6275
26/08/08;1,6375
27/08/08;1,6213
28/08/08;1,6262
29/08/08;1,6344
01/09/08;1,6447
02/09/08;1,6602
03/09/08;1,6728
04/09/08;1,701
05/09/08;1,7305
08/09/08;1,7282
09/09/08;1,7544
10/09/08;1,7858
11/09/08;1,8255
12/09/08;1,7912
15/09/08;1,8125
16/09/08;1,841
17/09/08;1,866
18/09/08;1,9159
19/09/08;1,8398
22/09/08;1,7989
23/09/08;1,8242
24/09/08;1,8445
25/09/08;1,8277
26/09/08;1,8555
29/09/08;1,9559
30/09/08;1,9143
01/10/08;1,9213
02/10/08;2,0081
03/10/08;2,054
06/10/08;2,1769
07/10/08;2,1883
08/10/08;2,3924
09/10/08;2,1818
10/10/08;2,288
13/10/08;2,1562
14/10/08;2,0789
15/10/08;2,1551
16/10/08;2,1854
17/10/08;2,102
20/10/08;2,1174
21/10/08;2,1941
22/10/08;2,365
23/10/08;2,3147
24/10/08;2,3112
27/10/08;2,2524
28/10/08;2,17
29/10/08;2,132
30/10/08;2,1151
31/10/08;2,1153
03/11/08;2,1818
04/11/08;2,1227
05/11/08;2,121
06/11/08;2,1593
07/11/08;2,1613
10/11/08;2,1335
11/11/08;2,201
12/11/08;2,2632
13/11/08;2,3314
14/11/08;2,28
17/11/08;2,294
18/11/08;2,2996
19/11/08;2,3766
20/11/08;2,3962
21/11/08;2,4277
24/11/08;2,35
25/11/08;2,3056
26/11/08;2,3221
27/11/08;2,2657
28/11/08;2,3331
01/12/08;2,3565
02/12/08;2,3457
03/12/08;2,4213
04/12/08;2,4905
05/12/08;2,5004
08/12/08;2,4689
09/12/08;2,4829
10/12/08;2,4683
11/12/08;2,3397
12/12/08;2,392
15/12/08;2,369
16/12/08;2,3783
17/12/08;2,3576
18/12/08;2,3572
19/12/08;2,3859
22/12/08;2,374
23/12/08;2,3829
24/12/08;2,3751
26/12/08;2,3613
29/12/08;2,3956
30/12/08;2,337
31/12/08;2,337
02/01/09;2,3298
05/01/09;2,278
06/01/09;2,1889
07/01/09;2,2174
08/01/09;2,2683
09/01/09;2,2867
12/01/09;2,2969
13/01/09;2,3083
14/01/09;2,3341
15/01/09;2,3803
16/01/09;2,3248
19/01/09;2,3306
20/01/09;2,3548
21/01/09;2,3544
22/01/09;2,3299
23/01/09;2,3568
26/01/09;2,3149
27/01/09;2,3109
28/01/09;2,2982
29/01/09;2,2761
30/01/09;2,3162
02/02/09;2,3475
03/02/09;2,3144
04/02/09;2,2994
05/02/09;2,3065
06/02/09;2,2658
09/02/09;2,2446
10/02/09;2,2528
11/02/09;2,287
12/02/09;2,2909
13/02/09;2,268
16/02/09;2,2719
17/02/09;2,3131
18/02/09;2,3396
19/02/09;2,3249
20/02/09;2,3916
25/02/09;2,3814
26/02/09;2,3503
27/02/09;2,3784
02/03/09;2,4121
03/03/09;2,4218
04/03/09;2,3917
05/03/09;2,3822
06/03/09;2,3768
09/03/09;2,3781
10/03/09;2,3515
11/03/09;2,3366
12/03/09;2,3158
13/03/09;2,3012
16/03/09;2,2705
17/03/09;2,2833
18/03/09;2,2806
19/03/09;2,2379
20/03/09;2,2567
23/03/09;2,2505
24/03/09;2,2567
25/03/09;2,2435
26/03/09;2,2375
27/03/09;2,2745
30/03/09;2,3297
31/03/09;2,3152
01/04/09;2,2899
02/04/09;2,2355
03/04/09;2,2072
06/04/09;2,2252
07/04/09;2,2249
08/04/09;2,2014
09/04/09;2,1766
13/04/09;2,1699
14/04/09;2,1876
15/04/09;2,1992
16/04/09;2,1791
17/04/09;2,1864
20/04/09;2,235
22/04/09;2,2128
23/04/09;2,2107
24/04/09;2,1933
27/04/09;2,2165
28/04/09;2,2037
29/04/09;2,1838
30/04/09;2,1783
04/05/09;2,1369
05/05/09;2,1476
06/05/09;2,1213
07/05/09;2,0984
08/05/09;2,075
11/05/09;2,0579
12/05/09;2,0649
13/05/09;2,0992
14/05/09;2,0929
15/05/09;2,0762
18/05/09;2,0784
19/05/09;2,0488
20/05/09;2,0199
21/05/09;2,0264
22/05/09;2,0279
25/05/09;2,0234
26/05/09;2,0261
27/05/09;2,0095
28/05/09;2,0144
29/05/09;1,973
01/06/09;1,944
02/06/09;1,937
03/06/09;1,96
04/06/09;1,9497
05/06/09;1,9534
08/06/09;1,9704
09/06/09;1,9385
10/06/09;1,9474
12/06/09;1,9301
15/06/09;1,9458
16/06/09;1,9461
17/06/09;1,9784
18/06/09;1,9709
19/06/09;1,9592
22/06/09;2,0074
23/06/09;2,0019
24/06/09;1,9724
25/06/09;1,9562
26/06/09;1,9396
29/06/09;1,9487
30/06/09;1,9516
01/07/09;1,9342
02/07/09;1,9469
03/07/09;1,9474
06/07/09;1,9711
07/07/09;1,9641
08/07/09;1,9982
09/07/09;1,9921
10/07/09;2,0147
13/07/09;1,9895
14/07/09;1,9704
15/07/09;1,942
16/07/09;1,934
17/07/09;1,929
20/07/09;1,9068
21/07/09;1,9043
22/07/09;1,9029
23/07/09;1,8922
24/07/09;1,896
27/07/09;1,8837
28/07/09;1,8819
29/07/09;1,8982
30/07/09;1,8811
31/07/09;1,8726
03/08/09;1,8369
04/08/09;1,8272
05/08/09;1,8181
06/08/09;1,8348
07/08/09;1,8232
10/08/09;1,8412
11/08/09;1,8457
12/08/09;1,8386
13/08/09;1,8325
14/08/09;1,8385
17/08/09;1,8682
18/08/09;1,8574
19/08/09;1,8433
20/08/09;1,8434
21/08/09;1,8297
24/08/09;1,8339
25/08/09;1,8419
26/08/09;1,867
27/08/09;1,8669
28/08/09;1,874
31/08/09;1,8864
01/09/09;1,8829
02/09/09;1,9038
03/09/09;1,8702
04/09/09;1,8501
08/09/09;1,8254
09/09/09;1,828
10/09/09;1,8261
11/09/09;1,8179
14/09/09;1,8197
15/09/09;1,8087
16/09/09;1,7984
17/09/09;1,8094
18/09/09;1,8049
21/09/09;1,8172
22/09/09;1,8061
23/09/09;1,7916
24/09/09;1,7917
25/09/09;1,8017
28/09/09;1,791
29/09/09;1,7928
30/09/09;1,7781
01/10/09;1,7794
02/10/09;1,7844
05/10/09;1,7673
06/10/09;1,7533
07/10/09;1,7595
08/10/09;1,7412
09/10/09;1,7389
13/10/09;1,7298
14/10/09;1,7099
15/10/09;1,7037
16/10/09;1,7135
19/10/09;1,713
20/10/09;1,745
21/10/09;1,744
22/10/09;1,7304
23/10/09;1,7113
26/10/09;1,7157
27/10/09;1,7342
28/10/09;1,7447
29/10/09;1,7436
30/10/09;1,744
03/11/09;1,7588
04/11/09;1,7271
05/11/09;1,724
06/11/09;1,7179
09/11/09;1,7024
10/11/09;1,7096
11/11/09;1,7112
12/11/09;1,725
13/11/09;1,729
16/11/09;1,7127
17/11/09;1,7153
18/11/09;1,7103
19/11/09;1,7287
20/11/09;1,7356
23/11/09;1,7245
24/11/09;1,7282
25/11/09;1,7272
26/11/09;1,7409
27/11/09;1,7443
30/11/09;1,7505
01/12/09;1,7293
02/12/09;1,7201
03/12/09;1,7096
04/12/09;1,7131
07/12/09;1,7302
08/12/09;1,7482
09/12/09;1,7611
10/12/09;1,7627
11/12/09;1,7521
14/12/09;1,7483
15/12/09;1,7557
16/12/09;1,7518
17/12/09;1,7823
18/12/09;1,7879
21/12/09;1,7787
22/12/09;1,7825
23/12/09;1,7763
24/12/09;1,7527
28/12/09;1,7398
29/12/09;1,7421
30/12/09;1,7412
31/12/09;1,7412
04/01/10;1,724
05/01/10;1,7227
06/01/10;1,7337
07/01/10;1,7413
08/01/10;1,739
11/01/10;1,7323
12/01/10;1,7439
13/01/10;1,7442
14/01/10;1,7648
15/01/10;1,7711
18/01/10;1,7721
19/01/10;1,7747
20/01/10;1,7854
21/01/10;1,7903
22/01/10;1,8187
25/01/10;1,8194
26/01/10;1,8367
27/01/10;1,8513
28/01/10;1,856
29/01/10;1,8748
01/02/10;1,8773
02/02/10;1,8363
03/02/10;1,8337
04/02/10;1,8715
05/02/10;1,8753
08/02/10;1,873
09/02/10;1,855
10/02/10;1,8483
11/02/10;1,8516
12/02/10;1,867
17/02/10;1,8313
18/02/10;1,8266
19/02/10;1,8116
22/02/10;1,8046
23/02/10;1,8186
24/02/10;1,8203
25/02/10;1,8364
26/02/10;1,811
01/03/10;1,8
02/03/10;1,7851
03/03/10;1,7846
04/03/10;1,7888
05/03/10;1,7824
08/03/10;1,7826
09/03/10;1,7899
10/03/10;1,7716
11/03/10;1,7693
12/03/10;1,7637
15/03/10;1,7644
16/03/10;1,7666
17/03/10;1,764
18/03/10;1,7848
19/03/10;1,7954
22/03/10;1,803
23/03/10;1,7813
24/03/10;1,7904
25/03/10;1,8008
26/03/10;1,8231
29/03/10;1,8064
30/03/10;1,7952
31/03/10;1,781
01/04/10;1,7701
05/04/10;1,7573
06/04/10;1,7605
07/04/10;1,7662
08/04/10;1,7806
09/04/10;1,773
12/04/10;1,7608
13/04/10;1,7584
14/04/10;1,7446
15/04/10;1,7483
16/04/10;1,7558
19/04/10;1,7588
20/04/10;1,7497
22/04/10;1,7626
23/04/10;1,7624
26/04/10;1,7446
27/04/10;1,7592
28/04/10;1,7558
29/04/10;1,7321
30/04/10;1,7306
03/05/10;1,7315
04/05/10;1,7557
05/05/10;1,7862
06/05/10;1,8353
07/05/10;1,8343
10/05/10;1,7833
11/05/10;1,7843
12/05/10;1,7723
13/05/10;1,7737
14/05/10;1,7967
17/05/10;1,8045
18/05/10;1,7921
19/05/10;1,8366
20/05/10;1,8677
21/05/10;1,871
24/05/10;1,8522
25/05/10;1,8811
26/05/10;1,8461
27/05/10;1,8328
28/05/10;1,8229
31/05/10;1,8167
01/06/10;1,8255
02/06/10;1,8362
04/06/10;1,8401
07/06/10;1,8634
08/06/10;1,8658
09/06/10;1,8423
10/06/10;1,8185
11/06/10;1,8125
14/06/10;1,803
15/06/10;1,7971
16/06/10;1,7893
17/06/10;1,7817
18/06/10;1,7761
21/06/10;1,7663
22/06/10;1,768
23/06/10;1,7908
24/06/10;1,7907
25/06/10;1,7781
28/06/10;1,7826
29/06/10;1,8076
30/06/10;1,8015
01/07/10;1,8006
02/07/10;1,7785
05/07/10;1,7755
06/07/10;1,7665
07/07/10;1,7719
08/07/10;1,7652
09/07/10;1,7572
12/07/10;1,7644
13/07/10;1,7525
14/07/10;1,7657
15/07/10;1,769
16/07/10;1,7792
19/07/10;1,7854
20/07/10;1,78
21/07/10;1,7766
22/07/10;1,7629
23/07/10;1,7617
26/07/10;1,7669
27/07/10;1,7658
28/07/10;1,765
29/07/10;1,7643
30/07/10;1,7572
02/08/10;1,7489
03/08/10;1,7594
04/08/10;1,7563
05/08/10;1,7535
06/08/10;1,7566
09/08/10;1,7537
10/08/10;1,7576
11/08/10;1,7663
12/08/10;1,7731
13/08/10;1,7716
16/08/10;1,7639
17/08/10;1,7528
18/08/10;1,7513
19/08/10;1,7584
20/08/10;1,7597
23/08/10;1,7587
24/08/10;1,7727
25/08/10;1,7668
26/08/10;1,7596
27/08/10;1,7544
30/08/10;1,7591
31/08/10;1,756
01/09/10;1,7441
02/09/10;1,7367
03/09/10;1,7281
06/09/10;1,7259
08/09/10;1,7231
09/09/10;1,7238
10/09/10;1,7186
13/09/10;1,7174
14/09/10;1,7076
15/09/10;1,7169
16/09/10;1,7184
17/09/10;1,7166
20/09/10;1,7216
21/09/10;1,7255
22/09/10;1,7184
23/09/10;1,7194
24/09/10;1,712
27/09/10;1,71
28/09/10;1,7093
29/09/10;1,7053
30/09/10;1,6942
01/10/10;1,6812
04/10/10;1,6882
05/10/10;1,6808
06/10/10;1,6758
07/10/10;1,6777
08/10/10;1,6804
11/10/10;1,6648
13/10/10;1,6554
14/10/10;1,6596
15/10/10;1,6604
18/10/10;1,6686
19/10/10;1,6868
20/10/10;1,6735
21/10/10;1,6897
22/10/10;1,6997
25/10/10;1,7026
26/10/10;1,7045
27/10/10;1,7077
28/10/10;1,7112
29/10/10;1,7014
01/11/10;1,7044
03/11/10;1,6937
04/11/10;1,6819
05/11/10;1,6801
08/11/10;1,697
09/11/10;1,697
10/11/10;1,707
11/11/10;1,7178
12/11/10;1,7198
16/11/10;1,7295
17/11/10;1,7298
18/11/10;1,7143
19/11/10;1,7189
22/11/10;1,7235
23/11/10;1,7336
24/11/10;1,7247
25/11/10;1,7206
26/11/10;1,7298
29/11/10;1,7271
30/11/10;1,7161
01/12/10;1,7052
02/12/10;1,7029
03/12/10;1,6917
06/12/10;1,6836
07/12/10;1,6739
08/12/10;1,6892
09/12/10;1,7024
10/12/10;1,7117
13/12/10;1,7027
14/12/10;1,6949
15/12/10;1,6988
16/12/10;1,7028
17/12/10;1,7098
20/12/10;1,7082
21/12/10;1,6974
22/12/10;1,6946
23/12/10;1,6984
24/12/10;1,6903
27/12/10;1,6922
28/12/10;1,6866
29/12/10;1,6788
30/12/10;1,6662
31/12/10;1,6662
03/01/11;1,651
04/01/11;1,6556
05/01/11;1,6713
06/01/11;1,6857
07/01/11;1,6861
10/01/11;1,6912
11/01/11;1,6887
12/01/11;1,6773
13/01/11;1,6701
14/01/11;1,6843
17/01/11;1,6818
18/01/11;1,6745
19/01/11;1,6714
20/01/11;1,6715
21/01/11;1,6723
24/01/11;1,6731
25/01/11;1,6745
26/01/11;1,6692
27/01/11;1,672
28/01/11;1,6782
31/01/11;1,6734
01/02/11;1,6631
02/02/11;1,6671
03/02/11;1,6697
04/02/11;1,6738
07/02/11;1,6776
08/02/11;1,6711
09/02/11;1,6643
10/02/11;1,668
11/02/11;1,6679
14/02/11;1,6681
15/02/11;1,6682
16/02/11;1,6704
17/02/11;1,6661
18/02/11;1,6677
21/02/11;1,6667
22/02/11;1,6694
23/02/11;1,672
24/02/11;1,6649
25/02/11;1,6625
28/02/11;1,6612
01/03/11;1,6627
02/03/11;1,661
03/03/11;1,6545
04/03/11;1,6462
09/03/11;1,6559
10/03/11;1,6612
11/03/11;1,6649
14/03/11;1,6631
15/03/11;1,6692
16/03/11;1,6674
17/03/11;1,6757
18/03/11;1,672
21/03/11;1,6652
22/03/11;1,6638
23/03/11;1,6602
24/03/11;1,6593
25/03/11;1,6581
28/03/11;1,6614
29/03/11;1,6546
30/03/11;1,636
31/03/11;1,6287
01/04/11;1,6194
04/04/11;1,611
05/04/11;1,6087
06/04/11;1,6097
07/04/11;1,5927
08/04/11;1,5762
11/04/11;1,5805
12/04/11;1,587
13/04/11;1,5864
14/04/11;1,5842
15/04/11;1,5776
18/04/11;1,5912
19/04/11;1,5792
20/04/11;1,5722
25/04/11;1,572
26/04/11;1,5654
27/04/11;1,5705
28/04/11;1,5853
29/04/11;1,5733
02/05/11;1,5747
03/05/11;1,589
04/05/11;1,603
05/05/11;1,6219
06/05/11;1,6111
09/05/11;1,6199
10/05/11;1,6069
11/05/11;1,6178
12/05/11;1,6207
13/05/11;1,6328
16/05/11;1,6317
17/05/11;1,629
18/05/11;1,6166
19/05/11;1,6165
20/05/11;1,6169
23/05/11;1,6339
24/05/11;1,6256
25/05/11;1,6297
26/05/11;1,6196
27/05/11;1,6038
30/05/11;1,5958
31/05/11;1,5799
01/06/11;1,5878
02/06/11;1,5805
03/06/11;1,5744
06/06/11;1,581
07/06/11;1,5764
08/06/11;1,582
09/06/11;1,5877
10/06/11;1,5938
13/06/11;1,5888
14/06/11;1,5821
15/06/11;1,596
16/06/11;1,6108
17/06/11;1,5979
20/06/11;1,5969
21/06/11;1,591
22/06/11;1,5877
24/06/11;1,5988
27/06/11;1,5969
28/06/11;1,5833
29/06/11;1,573
30/06/11;1,5611
01/07/11;1,5599
04/07/11;1,558
05/07/11;1,5637
06/07/11;1,5662
07/07/11;1,5581
08/07/11;1,5634
11/07/11;1,5796
12/07/11;1,5773
13/07/11;1,5762
14/07/11;1,5729
15/07/11;1,5743
18/07/11;1,5828
19/07/11;1,5691
20/07/11;1,5651
21/07/11;1,5567
22/07/11;1,5547
25/07/11;1,5449
26/07/11;1,5345
27/07/11;1,5639
28/07/11;1,5651
29/07/11;1,5563
01/08/11;1,5551
02/08/11;1,5656
03/08/11;1,5651
04/08/11;1,5752
05/08/11;1,5895
08/08/11;1,5999
09/08/11;1,6334
10/08/11;1,6183
11/08/11;1,6306
12/08/11;1,6157
15/08/11;1,5956
16/08/11;1,5918
17/08/11;1,583
18/08/11;1,6062
19/08/11;1,596
22/08/11;1,6009
23/08/11;1,6036
24/08/11;1,6039
25/08/11;1,6154
26/08/11;1,6114
29/08/11;1,5974
30/08/11;1,5904
31/08/11;1,5872
01/09/11;1,604
02/09/11;1,6343
05/09/11;1,6522
06/09/11;1,6583
08/09/11;1,6566
09/09/11;1,6774
12/09/11;1,6899
13/09/11;1,7127
14/09/11;1,7288
15/09/11;1,7106
16/09/11;1,7122
19/09/11;1,7763
20/09/11;1,787
21/09/11;1,828
22/09/11;1,9016
23/09/11;1,8735
26/09/11;1,8445
27/09/11;1,8008
28/09/11;1,8131
29/09/11;1,8291
30/09/11;1,8544
03/10/11;1,8811
04/10/11;1,8856
05/10/11;1,8456
06/10/11;1,8116
07/10/11;1,7666
10/10/11;1,7478
11/10/11;1,7658
13/10/11;1,7536
14/10/11;1,7376
17/10/11;1,7488
18/10/11;1,7724
19/10/11;1,7604
20/10/11;1,7826
21/10/11;1,7803
24/10/11;1,7768
25/10/11;1,7548
26/10/11;1,7606
27/10/11;1,7323
28/10/11;1,6986
31/10/11;1,6885
01/11/11;1,7506
03/11/11;1,727
04/11/11;1,7415
07/11/11;1,7503
08/11/11;1,7453
09/11/11;1,7516
10/11/11;1,761
11/11/11;1,7547
14/11/11;1,7649
16/11/11;1,7772
17/11/11;1,7775
18/11/11;1,7723
21/11/11;1,8061
22/11/11;1,8069
23/11/11;1,8441
24/11/11;1,866
25/11/11;1,8937
28/11/11;1,8596
29/11/11;1,8486
30/11/11;1,8109
01/12/11;1,7929
02/12/11;1,7843
05/12/11;1,783
06/12/11;1,7913
07/12/11;1,798
08/12/11;1,7941
09/12/11;1,813
12/12/11;1,8219
13/12/11;1,8409
14/12/11;1,8728
15/12/11;1,8609
16/12/11;1,8465
19/12/11;1,8616
20/12/11;1,8508
21/12/11;1,8556
22/12/11;1,8578
23/12/11;1,856
26/12/11;1,8566
27/12/11;1,8585
28/12/11;1,8634
29/12/11;1,8758
30/12/11;1,8758
02/01/12;1,8683
03/01/12;1,8457
04/01/12;1,8272
05/01/12;1,8371
06/01/12;1,8449
09/01/12;1,8442
10/01/12;1,8042
11/01/12;1,8048
12/01/12;1,7874
13/01/12;1,7853
16/01/12;1,7836
17/01/12;1,776
18/01/12;1,7791
19/01/12;1,7648
20/01/12;1,767
23/01/12;1,7528
24/01/12;1,7649
25/01/12;1,7632
26/01/12;1,7389
27/01/12;1,7436
30/01/12;1,7509
31/01/12;1,7391
01/02/12;1,7376
02/02/12;1,7326
03/02/12;1,7223
06/02/12;1,7249
07/02/12;1,7261
08/02/12;1,7195
09/02/12;1,7225
10/02/12;1,726
13/02/12;1,7169
14/02/12;1,7173
15/02/12;1,7158
16/02/12;1,7326
17/02/12;1,7136
22/02/12;1,7076
23/02/12;1,704
24/02/12;1,7098
27/02/12;1,7088
28/02/12;1,7024
29/02/12;1,7092
01/03/12;1,7152
02/03/12;1,7245
05/03/12;1,7314
06/03/12;1,7556
07/03/12;1,7692
08/03/12;1,7697
09/03/12;1,7767
12/03/12;1,8157
13/03/12;1,8102
14/03/12;1,8146
15/03/12;1,8006
16/03/12;1,8018
19/03/12;1,809
20/03/12;1,8259
21/03/12;1,8267
22/03/12;1,825
23/03/12;1,8194
26/03/12;1,8143
27/03/12;1,8135
28/03/12;1,8223
29/03/12;1,8334
30/03/12;1,8221
02/04/12;1,8314
03/04/12;1,8256
04/04/12;1,8316
05/04/12;1,8301
09/04/12;1,826
10/04/12;1,8317
11/04/12;1,8303
12/04/12;1,827
13/04/12;1,8364
16/04/12;1,8373
17/04/12;1,8454
18/04/12;1,8694
19/04/12;1,8867
20/04/12;1,8786
23/04/12;1,8864
24/04/12;1,878
25/04/12;1,8807
26/04/12;1,8871
27/04/12;1,8852
30/04/12;1,8918
02/05/12;1,9149
03/05/12;1,9277
04/05/12;1,921
07/05/12;1,9268
08/05/12;1,9366
09/05/12;1,9577
10/05/12;1,9581
11/05/12;1,9513
14/05/12;1,9866
15/05/12;1,9947
16/05/12;1,9974
17/05/12;1,9973
18/05/12;2,0095
21/05/12;2,0374
22/05/12;2,0493
23/05/12;2,0816
24/05/12;2,0384
25/05/12;2,0032
28/05/12;1,9778
29/05/12;1,9944
30/05/12;2,0078
31/05/12;2,0223
01/06/12;2,035
04/06/12;2,041
05/06/12;2,0266
06/06/12;2,0183
08/06/12;2,0353
11/06/12;2,0348
12/06/12;2,0564
13/06/12;2,0604
14/06/12;2,0691
15/06/12;2,0443
18/06/12;2,0634
19/06/12;2,044
20/06/12;2,0293
21/06/12;2,0363
22/06/12;2,0555
25/06/12;2,0718
26/06/12;2,0743
27/06/12;2,0764
28/06/12;2,0904
29/06/12;2,0213
02/07/12;1,9893
03/07/12;1,9888
04/07/12;2,0201
05/07/12;2,0292
06/07/12;2,0359
09/07/12;2,0312
10/07/12;2,0332
11/07/12;2,031
12/07/12;2,0471
13/07/12;2,0338
16/07/12;2,038
17/07/12;2,0349
18/07/12;2,0258
19/07/12;2,0239
20/07/12;2,0227
23/07/12;2,0412
24/07/12;2,0418
25/07/12;2,0403
26/07/12;2,0255
27/07/12;2,0173
30/07/12;2,0313
31/07/12;2,0499
01/08/12;2,0432
02/08/12;2,0475
03/08/12;2,0313
06/08/12;2,0279
07/08/12;2,0281
08/08/12;2,0273
09/08/12;2,0182
10/08/12;2,0175
13/08/12;2,0266
14/08/12;2,0258
15/08/12;2,0234
16/08/12;2,0214
17/08/12;2,0182
20/08/12;2,0209
21/08/12;2,0173
22/08/12;2,021
23/08/12;2,0241
24/08/12;2,0255
27/08/12;2,0293
28/08/12;2,0433
29/08/12;2,0509
30/08/12;2,0513
31/08/12;2,0372
03/09/12;2,0335
04/09/12;2,0392
05/09/12;2,0385
06/09/12;2,0381
10/09/12;2,0241
11/09/12;2,0197
12/09/12;2,0204
13/09/12;2,0254
14/09/12;2,0139
17/09/12;2,0312
18/09/12;2,0274
19/09/12;2,0236
20/09/12;2,0263
21/09/12;2,024
24/09/12;2,0273
25/09/12;2,0251
26/09/12;2,0341
27/09/12;2,0311
28/09/12;2,0306
01/10/12;2,026
02/10/12;2,0266
03/10/12;2,0266
04/10/12;2,0224
05/10/12;2,0246
08/10/12;2,0313
09/10/12;2,0337
10/10/12;2,0378
11/10/12;2,0369
15/10/12;2,0382
16/10/12;2,0351
17/10/12;2,0336
18/10/12;2,0295
19/10/12;2,0272
22/10/12;2,0266
23/10/12;2,0286
24/10/12;2,0263
25/10/12;2,0261
26/10/12;2,0263
29/10/12;2,0296
30/10/12;2,0323
31/10/12;2,0313
01/11/12;2,0312
05/11/12;2,035
06/11/12;2,0341
07/11/12;2,033
08/11/12;2,0357
09/11/12;2,0512
12/11/12;2,0476
13/11/12;2,0614
14/11/12;2,0629
16/11/12;2,0712
19/11/12;2,0745
20/11/12;2,0835
21/11/12;2,0924
22/11/12;2,0912
23/11/12;2,0985
26/11/12;2,0787
27/11/12;2,0752
28/11/12;2,0912
29/11/12;2,0991
30/11/12;2,1074
03/12/12;2,1121
04/12/12;2,1077
05/12/12;2,1046
06/12/12;2,0836
07/12/12;2,0804
10/12/12;2,081
11/12/12;2,0743
12/12/12;2,0801
13/12/12;2,0751
14/12/12;2,084
17/12/12;2,0902
18/12/12;2,0966
19/12/12;2,0791
20/12/12;2,0625
21/12/12;2,0758
24/12/12;2,0774
26/12/12;2,0569
27/12/12;2,0483
28/12/12;2,0435
31/12/12;2,0435
02/01/13;2,0415
03/01/13;2,0464
04/01/13;2,0425
07/01/13;2,0312
08/01/13;2,0286
09/01/13;2,0417
10/01/13;2,0358
11/01/13;2,0341
14/01/13;2,0334
15/01/13;2,0374
16/01/13;2,0409
17/01/13;2,0411
18/01/13;2,0441
21/01/13;2,042
22/01/13;2,0471
23/01/13;2,0394
24/01/13;2,0344
25/01/13;2,0285
28/01/13;2,0241
29/01/13;1,9912
30/01/13;1,99
31/01/13;1,9883
01/02/13;1,9843
04/02/13;1,9893
05/02/13;1,9881
06/02/13;1,9884
07/02/13;1,9789
08/02/13;1,9636
13/02/13;1,967
14/02/13;1,9666
15/02/13;1,96
18/02/13;1,9676
19/02/13;1,9597
20/02/13;1,957
21/02/13;1,972
22/02/13;1,9705
25/02/13;1,9676
26/02/13;1,9818
27/02/13;1,9807
28/02/13;1,9754
01/03/13;1,9848
04/03/13;1,9827
05/03/13;1,9693
06/03/13;1,9673
07/03/13;1,9642
08/03/13;1,9528
11/03/13;1,9552
12/03/13;1,9585
13/03/13;1,9619
14/03/13;1,9676
15/03/13;1,9749
18/03/13;1,9871
19/03/13;1,983
20/03/13;1,9868
21/03/13;1,9931
22/03/13;2,0126
25/03/13;2,014
26/03/13;2,0087
27/03/13;2,0185
28/03/13;2,0138
01/04/13;2,0186
02/04/13;2,0179
03/04/13;2,0239
04/04/13;2,0201
05/04/13;2,0035
08/04/13;1,9902
09/04/13;1,9861
10/04/13;1,981
11/04/13;1,9736
12/04/13;1,9761
15/04/13;1,979
16/04/13;1,9903
17/04/13;1,9939
18/04/13;2,0152
19/04/13;2,0089
22/04/13;2,0154
23/04/13;2,017
24/04/13;2,0244
25/04/13;2,0119
26/04/13;2,0001
29/04/13;1,9999
30/04/13;2,0017
02/05/13;2,0095
03/05/13;2,0093
06/05/13;2,0143
07/05/13;2,011
08/05/13;2,003
09/05/13;2,0051
10/05/13;2,0231
13/05/13;2,015
14/05/13;2,0063
15/05/13;2,0233
16/05/13;2,0254
17/05/13;2,0354
20/05/13;2,0333
21/05/13;2,0402
22/05/13;2,0387
23/05/13;2,0537
24/05/13;2,0495
27/05/13;2,0527
28/05/13;2,0616
29/05/13;2,0894
31/05/13;2,1319
03/06/13;2,1355
04/06/13;2,1282
05/06/13;2,1235
06/06/13;2,125
07/06/13;2,1372
10/06/13;2,1506
11/06/13;2,1521
12/06/13;2,142
13/06/13;2,1447
14/06/13;2,1367
17/06/13;2,1538
18/06/13;2,1706
19/06/13;2,1744
20/06/13;2,2523
21/06/13;2,2648
24/06/13;2,2515
25/06/13;2,2185
26/06/13;2,1975
27/06/13;2,1846
28/06/13;2,2156
01/07/13;2,2297
02/07/13;2,2412
03/07/13;2,2634
04/07/13;2,2595
05/07/13;2,2645
08/07/13;2,2583
09/07/13;2,2628
10/07/13;2,2697
11/07/13;2,2672
12/07/13;2,267
15/07/13;2,2548
16/07/13;2,2353
17/07/13;2,2372
18/07/13;2,2297
19/07/13;2,2364
22/07/13;2,2386
23/07/13;2,2267
24/07/13;2,2348
25/07/13;2,2497
26/07/13;2,2488
29/07/13;2,2609
30/07/13;2,2734
31/07/13;2,2903
01/08/13;2,2914
02/08/13;2,2933
05/08/13;2,301
06/08/13;2,2955
07/08/13;2,3028
08/08/13;2,2882
09/08/13;2,2748
12/08/13;2,2722
13/08/13;2,3035
14/08/13;2,3118
15/08/13;2,3434
16/08/13;2,3565
19/08/13;2,398
20/08/13;2,3943
21/08/13;2,4169
22/08/13;2,4457
23/08/13;2,3868
26/08/13;2,3705
27/08/13;2,3998
28/08/13;2,3515
29/08/13;2,3578
30/08/13;2,3725
02/09/13;2,3643
03/09/13;2,3897
04/09/13;2,3538
05/09/13;2,3314
06/09/13;2,2979
09/09/13;2,2868
10/09/13;2,2779
11/09/13;2,2947
12/09/13;2,2769
13/09/13;2,2785
16/09/13;2,2649
17/09/13;2,2617
18/09/13;2,2489
19/09/13;2,2036
20/09/13;2,2053
23/09/13;2,2033
24/09/13;2,2031
25/09/13;2,2224
26/09/13;2,2285
27/09/13;2,2571
30/09/13;2,23
01/10/13;2,2123
02/10/13;2,2088
03/10/13;2,2069
04/10/13;2,2051
07/10/13;2,2087
08/10/13;2,2016
09/10/13;2,2054
10/10/13;2,185
11/10/13;2,1821
14/10/13;2,1817
15/10/13;2,1818
16/10/13;2,1629
17/10/13;2,1611
18/10/13;2,1616
21/10/13;2,1738
22/10/13;2,176
23/10/13;2,1826
24/10/13;2,2003
25/10/13;2,1848
28/10/13;2,1846
29/10/13;2,1804
30/10/13;2,1888
31/10/13;2,2026
01/11/13;2,2468
04/11/13;2,2426
05/11/13;2,2747
06/11/13;2,2785
07/11/13;2,2825
08/11/13;2,317
11/11/13;2,3142
12/11/13;2,3362
13/11/13;2,3234
14/11/13;2,3289
18/11/13;2,2828
19/11/13;2,2662
20/11/13;2,2726
21/11/13;2,3067
22/11/13;2,2913
25/11/13;2,2871
26/11/13;2,304
27/11/13;2,3058
28/11/13;2,3208
29/11/13;2,3249
02/12/13;2,3449
03/12/13;2,3558
04/12/13;2,374
05/12/13;2,3747
06/12/13;2,3525
09/12/13;2,3225
10/12/13;2,3102
11/12/13;2,3262
12/12/13;2,3338
13/12/13;2,3354
16/12/13;2,3255
17/12/13;2,3221
18/12/13;2,3274
19/12/13;2,3528
20/12/13;2,3817
23/12/13;2,3706
24/12/13;2,3554
26/12/13;2,3507
27/12/13;2,3538
30/12/13;2,3426
31/12/13;2,3426
02/01/14;2,3975
03/01/14;2,3741
06/01/14;2,3789
07/01/14;2,3634
08/01/14;2,3779
09/01/14;2,396
10/01/14;2,3819
13/01/14;2,3491
14/01/14;2,3617
15/01/14;2,347
16/01/14;2,3683
17/01/14;2,3601
20/01/14;2,3335
21/01/14;2,3608
22/01/14;2,3601
23/01/14;2,3761
24/01/14;2,4129
27/01/14;2,4044
28/01/14;2,4165
29/01/14;2,4397
30/01/14;2,4224
31/01/14;2,4263
03/02/14;2,409
04/02/14;2,4177
05/02/14;2,4106
06/02/14;2,4041
07/02/14;2,3817
10/02/14;2,3936
11/02/14;2,4076
12/02/14;2,4086
13/02/14;2,4238
14/02/14;2,3924
17/02/14;2,387
18/02/14;2,3983
19/02/14;2,3986
20/02/14;2,3799
21/02/14;2,3625
24/02/14;2,3391
25/02/14;2,3367
26/02/14;2,3454
27/02/14;2,3436
28/02/14;2,3334
05/03/14;2,324
06/03/14;2,3094
07/03/14;2,3382
10/03/14;2,341
11/03/14;2,3461
12/03/14;2,3649
13/03/14;2,3486
14/03/14;2,3638
17/03/14;2,3518
18/03/14;2,3522
19/03/14;2,3338
20/03/14;2,342
21/03/14;2,3245
24/03/14;2,3248
25/03/14;2,3124
26/03/14;2,3119
27/03/14;2,283
28/03/14;2,2603
31/03/14;2,263
01/04/14;2,262
02/04/14;2,2711
03/04/14;2,2811
04/04/14;2,242
07/04/14;2,2326
08/04/14;2,1974
09/04/14;2,2111
10/04/14;2,1987
11/04/14;2,2059
14/04/14;2,2096
15/04/14;2,2257
16/04/14;2,2342
17/04/14;2,2482
22/04/14;2,2449
23/04/14;2,2426
24/04/14;2,2229
25/04/14;2,2325
28/04/14;2,237
29/04/14;2,2199
30/04/14;2,236
02/05/14;2,2221
05/05/14;2,2286
06/05/14;2,2322
07/05/14;2,2282
08/05/14;2,2107
09/05/14;2,2192
12/05/14;2,2164
13/05/14;2,2101
14/05/14;2,2129
15/05/14;2,2166
16/05/14;2,211
19/05/14;2,2111
20/05/14;2,2156
21/05/14;2,2111
22/05/14;2,2131
23/05/14;2,2187
26/05/14;2,2209
27/05/14;2,2354
28/05/14;2,2405
29/05/14;2,2251
30/05/14;2,239
02/06/14;2,264
03/06/14;2,2654
04/06/14;2,2802
05/06/14;2,2695
06/06/14;2,2445
09/06/14;2,2336
10/06/14;2,2296
11/06/14;2,2307
12/06/14;2,2306
13/06/14;2,2347
16/06/14;2,2313
17/06/14;2,2486
18/06/14;2,2534
20/06/14;2,238
23/06/14;2,2195
24/06/14;2,2217
25/06/14;2,2052
26/06/14;2,2089
27/06/14;2,1975
30/06/14;2,2025
01/07/14;2,2054
02/07/14;2,2134
03/07/14;2,2281
04/07/14;2,2149
07/07/14;2,2201
08/07/14;2,215
09/07/14;2,2139
10/07/14;2,2237
11/07/14;2,2228
14/07/14;2,2176
15/07/14;2,2195
16/07/14;2,2193
17/07/14;2,2403
18/07/14;2,2362
21/07/14;2,2238
22/07/14;2,2129
23/07/14;2,2202
24/07/14;2,2204
25/07/14;2,2293
28/07/14;2,2302
29/07/14;2,2278
30/07/14;2,2447
31/07/14;2,2674
01/08/14;2,2607
04/08/14;2,2577
05/08/14;2,2756
06/08/14;2,279
07/08/14;2,2802
08/08/14;2,2986
11/08/14;2,2779
12/08/14;2,277
13/08/14;2,2692
14/08/14;2,2703
15/08/14;2,269
18/08/14;2,2595
19/08/14;2,2587
20/08/14;2,255
21/08/14;2,2582
22/08/14;2,2778
25/08/14;2,2808
26/08/14;2,2748
27/08/14;2,2591
28/08/14;2,2499
29/08/14;2,2396
01/09/14;2,2364
02/09/14;2,2521
03/09/14;2,2319
04/09/14;2,2356
05/09/14;2,2416
08/09/14;2,2491
09/09/14;2,2813
10/09/14;2,2967
11/09/14;2,288
12/09/14;2,3251
15/09/14;2,3401
16/09/14;2,3351
17/09/14;2,3384
18/09/14;2,3668
19/09/14;2,3656
22/09/14;2,387
23/09/14;2,4026
24/09/14;2,407
25/09/14;2,4085
26/09/14;2,431
29/09/14;2,4522
30/09/14;2,451
01/10/14;2,4623
02/10/14;2,4785
03/10/14;2,4932
06/10/14;2,4098
07/10/14;2,4038
08/10/14;2,4072
09/10/14;2,3914
10/10/14;2,4103
13/10/14;2,3923
14/10/14;2,3991
15/10/14;2,4316
16/10/14;2,477
17/10/14;2,4477
20/10/14;2,4554
21/10/14;2,4797
22/10/14;2,4781
23/10/14;2,5004
24/10/14;2,4805
27/10/14;2,5341
28/10/14;2,4869
29/10/14;2,4346
30/10/14;2,4119
31/10/14;2,4442
03/11/14;2,4839
04/11/14;2,5195
05/11/14;2,5168
06/11/14;2,5325
07/11/14;2,5721
10/11/14;2,539
11/11/14;2,5644
12/11/14;2,555
13/11/14;2,5725
14/11/14;2,6136
17/11/14;2,6035
18/11/14;2,5967
19/11/14;2,5849
20/11/14;2,545
21/11/14;2,5391
24/11/14;2,5282
25/11/14;2,5237
26/11/14;2,5103
27/11/14;2,5065
28/11/14;2,5601
01/12/14;2,5624
02/12/14;2,5664
03/12/14;2,5607
04/12/14;2,5797
05/12/14;2,5888
08/12/14;2,5923
09/12/14;2,6016
10/12/14;2,5931
11/12/14;2,6271
12/12/14;2,6558
15/12/14;2,6717
16/12/14;2,7403
17/12/14;2,7246
18/12/14;2,6676
19/12/14;2,6486
22/12/14;2,6527
23/12/14;2,6775
24/12/14;2,6832
26/12/14;2,6812
29/12/14;2,6783
30/12/14;2,6562
31/12/14;2,6562
02/01/15;2,6929
05/01/15;2,7107
06/01/15;2,7023
07/01/15;2,6807
08/01/15;2,6919
09/01/15;2,6583
12/01/15;2,6575
13/01/15;2,6485
14/01/15;2,6222
15/01/15;2,6122
16/01/15;2,6193
19/01/15;2,6243
20/01/15;2,6247
21/01/15;2,5968
22/01/15;2,5754
23/01/15;2,5856
26/01/15;2,5966
27/01/15;2,5809
28/01/15;2,5797
29/01/15;2,596
30/01/15;2,6623
02/02/15;2,6894
03/02/15;2,7059
04/02/15;2,7148
05/02/15;2,7386
06/02/15;2,7641
09/02/15;2,7873
10/02/15;2,8075
11/02/15;2,8576
12/02/15;2,8625
13/02/15;2,8392
18/02/15;2,843
19/02/15;2,8545
20/02/15;2,8701
23/02/15;2,8811
24/02/15;2,8649
25/02/15;2,8646
26/02/15;2,8728
27/02/15;2,8782
02/03/15;2,8655
03/03/15;2,9051
04/03/15;2,9804
05/03/15;2,9931
06/03/15;3,0366
09/03/15;3,1018
10/03/15;3,1299
11/03/15;3,1162
12/03/15;3,1171
13/03/15;3,2264
16/03/15;3,2257
17/03/15;3,2683
18/03/15;3,2518
19/03/15;3,2642
20/03/15;3,2423
23/03/15;3,18
24/03/15;3,131
25/03/15;3,1476
26/03/15;3,1915
27/03/15;3,2259
30/03/15;3,2601
31/03/15;3,208
01/04/15;3,1556
02/04/15;3,1492
06/04/15;3,0926
07/04/15;3,1231
08/04/15;3,0834
09/04/15;3,0466
10/04/15;3,0796
13/04/15;3,1011
14/04/15;3,088
15/04/15;3,0681
16/04/15;3,0249
17/04/15;3,0544
20/04/15;3,0473
22/04/15;3,0186
23/04/15;3,0084
24/04/15;2,9745
27/04/15;2,9236
28/04/15;2,8943
29/04/15;2,9375
30/04/15;2,9936
04/05/15;3,0754
05/05/15;3,0626
06/05/15;3,042
07/05/15;3,0421
08/05/15;2,9966
11/05/15;3,0175
12/05/15;3,0389
13/05/15;3,0103
14/05/15;3,0032
15/05/15;2,9894
18/05/15;3,0145
19/05/15;3,0284
20/05/15;3,0347
21/05/15;3,0295
22/05/15;3,0653
25/05/15;3,1212
26/05/15;3,1351
27/05/15;3,174
28/05/15;3,1748
29/05/15;3,1788
01/06/15;3,1789
02/06/15;3,1443
03/06/15;3,1184
05/06/15;3,1684
08/06/15;3,119
09/06/15;3,0991
10/06/15;3,0843
11/06/15;3,1514
12/06/15;3,1107
15/06/15;3,1036
16/06/15;3,1082
17/06/15;3,0989
18/06/15;3,0472
19/06/15;3,0788
22/06/15;3,0757
23/06/15;3,1042
24/06/15;3,0852
25/06/15;3,1015
26/06/15;3,1271
29/06/15;3,139
30/06/15;3,1026
01/07/15;3,1191
02/07/15;3,1173
03/07/15;3,1271
06/07/15;3,1431
07/07/15;3,1809
08/07/15;3,2282
09/07/15;3,2163
10/07/15;3,1897
13/07/15;3,1594
14/07/15;3,123
15/07/15;3,1532
16/07/15;3,1375
17/07/15;3,1832
20/07/15;3,2149
21/07/15;3,1813
22/07/15;3,2094
23/07/15;3,285
24/07/15;3,3254
27/07/15;3,3557
28/07/15;3,3815
29/07/15;3,3419
30/07/15;3,3652
31/07/15;3,394
03/08/15;3,4425
04/08/15;3,4675
05/08/15;3,4851
06/08/15;3,5347
07/08/15;3,5181
10/08/15;3,4909
11/08/15;3,4925
12/08/15;3,4826
13/08/15;3,5074
14/08/15;3,4761
17/08/15;3,4746
18/08/15;3,4811
19/08/15;3,4849
20/08/15;3,4751
21/08/15;3,4896
24/08/15;3,5494
25/08/15;3,5345
26/08/15;3,6326
27/08/15;3,5555
28/08/15;3,579
31/08/15;3,6467
01/09/15;3,6725
02/09/15;3,7314
03/09/15;3,776
04/09/15;3,7986
08/09/15;3,8028
09/09/15;3,787
10/09/15;3,8698
11/09/15;3,8698
14/09/15;3,8653
15/09/15;3,8599
16/09/15;3,8368
17/09/15;3,8921
18/09/15;3,9021
21/09/15;3,9821
22/09/15;4,0425
23/09/15;4,1041
24/09/15;4,1949
25/09/15;3,9479
28/09/15;4,0099
29/09/15;4,1172
30/09/15;3,9729
01/10/15;3,9794
02/10/15;4,001
05/10/15;3,9141
06/10/15;3,8567
07/10/15;3,806
08/10/15;3,8517
09/10/15;3,7386
13/10/15;3,825
14/10/15;3,8507
15/10/15;3,8344
16/10/15;3,8438
19/10/15;3,9015
20/10/15;3,8656
21/10/15;3,9386
22/10/15;3,936
23/10/15;3,8988
26/10/15;3,8582
27/10/15;3,9114
28/10/15;3,8797
29/10/15;3,9328
30/10/15;3,8589
03/11/15;3,8126
04/11/15;3,7687
05/11/15;3,7893
06/11/15;3,8059
09/11/15;3,7928
10/11/15;3,7981
11/11/15;3,7327
12/11/15;3,7996
13/11/15;3,8023
16/11/15;3,8336
17/11/15;3,8052
18/11/15;3,7921
19/11/15;3,7442
20/11/15;3,701
23/11/15;3,7231
24/11/15;3,7081
25/11/15;3,7688
26/11/15;3,7606
27/11/15;3,7399
30/11/15;3,8506
01/12/15;3,8745
02/12/15;3,8545
03/12/15;3,797
04/12/15;3,7575
07/12/15;3,7476
08/12/15;3,7921
09/12/15;3,758
10/12/15;3,7685
11/12/15;3,8548
14/12/15;3,9023
15/12/15;3,8703
16/12/15;3,9357
17/12/15;3,8929
18/12/15;3,9062
21/12/15;3,9831
22/12/15;3,977
23/12/15;3,9632
24/12/15;3,9524
28/12/15;3,9186
29/12/15;3,8492
30/12/15;3,9048
31/12/15;3,9048
04/01/16;4,0387
05/01/16;4,0114
06/01/16;4,0303
07/01/16;4,0475
08/01/16;4,025
11/01/16;4,0153
12/01/16;4,0299
13/01/16;3,9863
14/01/16;4,0223
15/01/16;4,0402
18/01/16;4,0364
19/01/16;4,0303
20/01/16;4,0861
21/01/16;4,1558
22/01/16;4,1232
25/01/16;4,1002
26/01/16;4,0967
27/01/16;4,0448
28/01/16;4,0838
29/01/16;4,0428
01/02/16;3,9986
02/02/16;3,9919
03/02/16;3,9558
04/02/16;3,8653
05/02/16;3,8975
10/02/16;3,9412
11/02/16;3,9642
12/02/16;3,9891
15/02/16;3,9885
16/02/16;4,0213
17/02/16;4,0318
18/02/16;4,0091
19/02/16;4,0492
22/02/16;3,9618
23/02/16;3,9684
24/02/16;3,99
25/02/16;3,94
26/02/16;3,9578
29/02/16;3,9796
01/03/16;3,9913
02/03/16;3,9116
03/03/16;3,8504
04/03/16;3,7188
07/03/16;3,7714
08/03/16;3,7813
09/03/16;3,7037
10/03/16;3,67
11/03/16;3,6271
14/03/16;3,6239
15/03/16;3,7116
16/03/16;3,8079
17/03/16;3,6445
18/03/16;3,6146
21/03/16;3,6229
22/03/16;3,6073
23/03/16;3,6531
24/03/16;3,6948
28/03/16;3,6408
29/03/16;3,6687
30/03/16;3,6116
31/03/16;3,5589
01/04/16;3,5799
04/04/16;3,5871
05/04/16;3,6581
06/04/16;3,6749
07/04/16;3,6921
08/04/16;3,6385
11/04/16;3,5284
12/04/16;3,5406
13/04/16;3,5429
14/04/16;3,5126
15/04/16;3,5276
18/04/16;3,5904
19/04/16;3,5538
20/04/16;3,5503
22/04/16;3,5829
25/04/16;3,5472
26/04/16;3,5301
27/04/16;3,5295
28/04/16;3,4992
29/04/16;3,4508
02/05/16;3,4991
03/05/16;3,555
04/05/16;3,5397
05/05/16;3,5296
06/05/16;3,5362
09/05/16;3,5387
10/05/16;3,4772
11/05/16;3,4645
12/05/16;3,4877
13/05/16;3,5041
16/05/16;3,5035
17/05/16;3,5037
18/05/16;3,5368
19/05/16;3,6003
20/05/16;3,5419
23/05/16;3,566
24/05/16;3,5491
25/05/16;3,5804
27/05/16;3,6168
30/05/16;3,5997
31/05/16;3,5951
01/06/16;3,6126
02/06/16;3,5961
03/06/16;3,5409
06/06/16;3,5098
07/06/16;3,4745
08/06/16;3,3898
09/06/16;3,3817
10/06/16;3,4261
13/06/16;3,4533
14/06/16;3,4839
15/06/16;3,4768
16/06/16;3,4904
17/06/16;3,4372
20/06/16;3,3835
21/06/16;3,3897
22/06/16;3,3883
23/06/16;3,3533
24/06/16;3,3772
27/06/16;3,3934
28/06/16;3,3267
29/06/16;3,2435
30/06/16;3,2098
01/07/16;3,2298
04/07/16;3,248
05/07/16;3,2904
06/07/16;3,3242
07/07/16;3,3388
08/07/16;3,2968
11/07/16;3,3031
12/07/16;3,275
13/07/16;3,2896
14/07/16;3,2311
15/07/16;3,2656
18/07/16;3,2634
19/07/16;3,2801
20/07/16;3,2512
21/07/16;3,2585
22/07/16;3,2854
25/07/16;3,2819
26/07/16;3,279
27/07/16;3,282
28/07/16;3,274
29/07/16;3,239
01/08/16;3,2662
02/08/16;3,249
03/08/16;3,2733
04/08/16;3,2183
05/08/16;3,1859
08/08/16;3,1771
09/08/16;3,1503
10/08/16;3,1302
11/08/16;3,1364
12/08/16;3,1602
15/08/16;3,1672
16/08/16;3,1749
17/08/16;3,2248
18/08/16;3,2215
19/08/16;3,2267
22/08/16;3,2163
23/08/16;3,2054
24/08/16;3,2372
25/08/16;3,2319
26/08/16;3,2153
29/08/16;3,2613
30/08/16;3,2525
31/08/16;3,2403
01/09/16;3,2472
02/09/16;3,2431
05/09/16;3,2721
06/09/16;3,2452
08/09/16;3,1934
09/09/16;3,2638
12/09/16;3,2854
13/09/16;3,2972
14/09/16;3,3262
15/09/16;3,3326
16/09/16;3,3004
19/09/16;3,2636
20/09/16;3,254
21/09/16;3,2408
22/09/16;3,2015
23/09/16;3,2242
26/09/16;3,24
27/09/16;3,2358
28/09/16;3,2476
29/09/16;3,2235
30/09/16;3,2462
03/10/16;3,2338
04/10/16;3,2203
05/10/16;3,2359
06/10/16;3,231
07/10/16;3,2134
10/10/16;3,2125
11/10/16;3,2136
13/10/16;3,2087
14/10/16;3,1864
17/10/16;3,1963
18/10/16;3,1874
19/10/16;3,18
20/10/16;3,1605
21/10/16;3,1593
24/10/16;3,1311
25/10/16;3,1193
26/10/16;3,1219
27/10/16;3,1429
28/10/16;3,1815
31/10/16;3,1811
01/11/16;3,2053
03/11/16;3,231
04/11/16;3,2449
07/11/16;3,2024
08/11/16;3,2024
09/11/16;3,2258
10/11/16;3,3104
11/11/16;3,4377
14/11/16;3,4446
16/11/16;3,4183
17/11/16;3,4052
18/11/16;3,3917
21/11/16;3,3517
22/11/16;3,3476
23/11/16;3,3927
24/11/16;3,3987
25/11/16;3,4279
28/11/16;3,3996
29/11/16;3,406
30/11/16;3,3967
01/12/16;3,4362
02/12/16;3,465
05/12/16;3,4598
06/12/16;3,4354
07/12/16;3,3895
08/12/16;3,4008
09/12/16;3,3858
12/12/16;3,3697
13/12/16;3,334
14/12/16;3,3103
15/12/16;3,383
16/12/16;3,3712
19/12/16;3,3778
20/12/16;3,3586
21/12/16;3,3297
22/12/16;3,3302
23/12/16;3,2696
26/12/16;3,2701
27/12/16;3,2776
28/12/16;3,2774
29/12/16;3,2591
30/12/16;3,2591
02/01/17;3,2729
03/01/17;3,2632
04/01/17;3,2333
05/01/17;3,2129
06/01/17;3,2057
09/01/17;3,2097
10/01/17;3,1918
11/01/17;3,2154
12/01/17;3,1661
13/01/17;3,2034
16/01/17;3,2234
17/01/17;3,21
18/01/17;3,2211
19/01/17;3,2113
20/01/17;3,1918
23/01/17;3,1609
24/01/17;3,1649
25/01/17;3,169
26/01/17;3,1804
27/01/17;3,1596
30/01/17;3,1316
31/01/17;3,127
01/02/17;3,1479
02/02/17;3,1196
03/02/17;3,1241
06/02/17;3,1179
07/02/17;3,1304
08/02/17;3,1255
09/02/17;3,1185
10/02/17;3,1155
13/02/17;3,1175
14/02/17;3,1004
15/02/17;3,0779
16/02/17;3,051
17/02/17;3,095
20/02/17;3,0918
21/02/17;3,097
22/02/17;3,0824
23/02/17;3,0638
24/02/17;3,0993
01/03/17;3,0976
02/03/17;3,1138
03/03/17;3,1364
06/03/17;3,1111
07/03/17;3,1185
08/03/17;3,1477
09/03/17;3,1735
10/03/17;3,1623
13/03/17;3,1541
14/03/17;3,1639
15/03/17;3,1629
16/03/17;3,108
17/03/17;3,1075
20/03/17;3,0898
21/03/17;3,0765
22/03/17;3,0939
23/03/17;3,1248
24/03/17;3,1282
27/03/17;3,1256
28/03/17;3,1303
29/03/17;3,1229
30/03/17;3,1247
31/03/17;3,1684
03/04/17;3,1167
04/04/17;3,1231
05/04/17;3,0923
06/04/17;3,116
07/04/17;3,1302
10/04/17;3,1409
11/04/17;3,1424
12/04/17;3,1463
13/04/17;3,1269
17/04/17;3,1036
18/04/17;3,0958
19/04/17;3,1294
20/04/17;3,1453
24/04/17;3,1251
25/04/17;3,1577
26/04/17;3,1847
27/04/17;3,1763
28/04/17;3,1984
02/05/17;3,1724
03/05/17;3,1489
04/05/17;3,178
05/05/17;3,1764
08/05/17;3,1938
09/05/17;3,1857
10/05/17;3,1606
11/05/17;3,1559
12/05/17;3,129
15/05/17;3,1011
16/05/17;3,0924
17/05/17;3,1076
18/05/17;3,3807
19/05/17;3,2878
22/05/17;3,2863
23/05/17;3,2654
24/05/17;3,2629
25/05/17;3,2824
26/05/17;3,2614
29/05/17;3,2709
30/05/17;3,2659
31/05/17;3,2437
01/06/17;3,2307
02/06/17;3,2401
05/06/17;3,282
06/06/17;3,2817
07/06/17;3,2747
08/06/17;3,2838
09/06/17;3,274
12/06/17;3,2986
13/06/17;3,3208
14/06/17;3,2836
16/06/17;3,2892
19/06/17;3,2975
20/06/17;3,3145
21/06/17;3,3247
22/06/17;3,3362
23/06/17;3,3342
26/06/17;3,3128
27/06/17;3,3172
28/06/17;3,303
29/06/17;3,2952
30/06/17;3,3082
03/07/17;3,3015
04/07/17;3,305
05/07/17;3,3193
06/07/17;3,3064
07/07/17;3,2895
10/07/17;3,265
11/07/17;3,2522
12/07/17;3,2264
13/07/17;3,2108
14/07/17;3,1899
17/07/17;3,1821
18/07/17;3,1668
19/07/17;3,1533
20/07/17;3,1402
21/07/17;3,1256
24/07/17;3,1459
25/07/17;3,1556
26/07/17;3,1657
27/07/17;3,1513
28/07/17;3,1457
31/07/17;3,1307
01/08/17;3,1161
02/08/17;3,1268
03/08/17;3,1194
04/08/17;3,1224
07/08/17;3,1267
08/08/17;3,132
09/08/17;3,1464
10/08/17;3,1543
11/08/17;3,1695
14/08/17;3,1888
15/08/17;3,1976
16/08/17;3,167
17/08/17;3,1603
18/08/17;3,1654
21/08/17;3,1443
22/08/17;3,1539
23/08/17;3,1569
24/08/17;3,1404
25/08/17;3,1462
28/08/17;3,1563
29/08/17;3,1695
30/08/17;3,1638
31/08/17;3,1471
01/09/17;3,1333
04/09/17;3,1389
05/09/17;3,1203
06/09/17;3,1133
08/09/17;3,0908
11/09/17;3,0852
12/09/17;3,1144
13/09/17;3,1343
14/09/17;3,1354
15/09/17;3,1255
18/09/17;3,1239
19/09/17;3,1323
20/09/17;3,1281
21/09/17;3,1347
22/09/17;3,1285
25/09/17;3,1412
26/09/17;3,1674
27/09/17;3,1932
28/09/17;3,1871
29/09/17;3,168
02/10/17;3,1642
03/10/17;3,1502
04/10/17;3,1315
05/10/17;3,1347
06/10/17;3,1648
09/10/17;3,177
10/10/17;3,1688
11/10/17;3,1639
13/10/17;3,1572
16/10/17;3,1607
17/10/17;3,1769
18/10/17;3,1673
19/10/17;3,1732
20/10/17;3,1833
23/10/17;3,2003
24/10/17;3,247
25/10/17;3,2387
26/10/17;3,2444
27/10/17;3,2801
30/10/17;3,2547
31/10/17;3,2769
01/11/17;3,2736
03/11/17;3,292
06/11/17;3,2851
07/11/17;3,2733
08/11/17;3,2509
09/11/17;3,2515
10/11/17;3,2661
13/11/17;3,2873
14/11/17;3,2834
16/11/17;3,2808
17/11/17;3,2788
20/11/17;3,2623
21/11/17;3,2591
22/11/17;3,2561
23/11/17;3,2371
24/11/17;3,23
27/11/17;3,2218
28/11/17;3,2232
29/11/17;3,2136
30/11/17;3,2616
01/12/17;3,2636
04/12/17;3,2506
05/12/17;3,2322
06/12/17;3,2354
07/12/17;3,2892
08/12/17;3,2811
11/12/17;3,2845
12/12/17;3,3149
13/12/17;3,3036
14/12/17;3,3332
15/12/17;3,3182
18/12/17;3,2881
19/12/17;3,2883
20/12/17;3,2909
21/12/17;3,3045
22/12/17;3,3209
26/12/17;3,32
27/12/17;3,3031
28/12/17;3,308
29/12/17;3,308
02/01/18;3,2697
03/01/18;3,2535
04/01/18;3,2318
05/01/18;3,2409
08/01/18;3,2357
09/01/18;3,2397
10/01/18;3,2467
11/01/18;3,2301
12/01/18;3,2197
15/01/18;3,1963
16/01/18;3,2219
17/01/18;3,2324
18/01/18;3,2129
19/01/18;3,2087
22/01/18;3,1934
23/01/18;3,2249
24/01/18;3,197
25/01/18;3,1391
26/01/18;3,145
29/01/18;3,1655
30/01/18;3,1661
31/01/18;3,1624
01/02/18;3,173
02/02/18;3,206
05/02/18;3,2355
06/02/18;3,2613
07/02/18;3,2467
08/02/18;3,2692
09/02/18;3,2821
14/02/18;3,2536
15/02/18;3,2208
16/02/18;3,2381
19/02/18;3,2347
20/02/18;3,2507
21/02/18;3,2555
22/02/18;3,2598
23/02/18;3,2417
26/02/18;3,2351
27/02/18;3,2383
28/02/18;3,2449
01/03/18;3,262
02/03/18;3,2614
05/03/18;3,2582
06/03/18;3,2246
07/03/18;3,2318
08/03/18;3,2518
09/03/18;3,2496
12/03/18;3,2606
13/03/18;3,2492
14/03/18;3,2584
15/03/18;3,2859
16/03/18;3,2905
19/03/18;3,2911
20/03/18;3,2981
21/03/18;3,2921
22/03/18;3,3033
23/03/18;3,3041
26/03/18;3,3034
27/03/18;3,3256
28/03/18;3,338
29/03/18;3,3238
02/04/18;3,3104
03/04/18;3,3139
04/04/18;3,3538
05/04/18;3,3196
06/04/18;3,3666
09/04/18;3,3903
10/04/18;3,4195
11/04/18;3,4052
12/04/18;3,3858
13/04/18;3,4105
16/04/18;3,4263
17/04/18;3,4041
18/04/18;3,3844
19/04/18;3,3977
20/04/18;3,4101
23/04/18;3,4421
24/04/18;3,4667
25/04/18;3,504
26/04/18;3,4977
27/04/18;3,4676
30/04/18;3,4811
02/05/18;3,5424
03/05/18;3,5484
04/05/18;3,5308
07/05/18;3,5458
08/05/18;3,5788
09/05/18;3,5943
10/05/18;3,5566
11/05/18;3,5716
14/05/18;3,6097
15/05/18;3,6753
16/05/18;3,6803
17/05/18;3,6874
18/05/18;3,7503
21/05/18;3,7072
22/05/18;3,6502
23/05/18;3,6507
24/05/18;3,6436
25/05/18;3,6587
28/05/18;3,7092
29/05/18;3,7289
30/05/18;3,737
01/06/18;3,7413
04/06/18;3,7424
05/06/18;3,7752
06/06/18;3,8193
07/06/18;3,9
08/06/18;3,7859
11/06/18;3,6913
12/06/18;3,7044
13/06/18;3,7054
14/06/18;3,7057
15/06/18;3,7738
18/06/18;3,7543
19/06/18;3,7566
20/06/18;3,7335
21/06/18;3,7894
22/06/18;3,7663
25/06/18;3,776
26/06/18;3,7721
27/06/18;3,8358
28/06/18;3,8521
29/06/18;3,8558
02/07/18;3,9055
03/07/18;3,892
04/07/18;3,9058
05/07/18;3,9192
06/07/18;3,9264
09/07/18;3,8692
10/07/18;3,8452
11/07/18;3,8417
12/07/18;3,8564
13/07/18;3,8745
16/07/18;3,8579
17/07/18;3,8671
18/07/18;3,8474
19/07/18;3,8847
20/07/18;3,7793
23/07/18;3,7915
24/07/18;3,7459
25/07/18;3,712
26/07/18;3,7243
27/07/18;3,7164
30/07/18;3,7155
31/07/18;3,7549
01/08/18;3,7491
02/08/18;3,7645
03/08/18;3,7201
06/08/18;3,7214
07/08/18;3,7118
08/08/18;3,7519
09/08/18;3,803
10/08/18;3,8472
13/08/18;3,8988
14/08/18;3,8812
15/08/18;3,9134
16/08/18;3,881
17/08/18;3,9389
20/08/18;3,943
21/08/18;3,9873
22/08/18;4,074
23/08/18;4,0727
24/08/18;4,0854
27/08/18;4,0687
28/08/18;4,1192
29/08/18;4,1353
30/08/18;4,1812
31/08/18;4,1353
03/09/18;4,1279
04/09/18;4,1652
05/09/18;4,1609
06/09/18;4,146
10/09/18;4,1007
11/09/18;4,1641
12/09/18;4,1259
13/09/18;4,1637
14/09/18;4,1879
17/09/18;4,1695
18/09/18;4,1369
19/09/18;4,1351
20/09/18;4,0997
21/09/18;4,0728
24/09/18;4,0594
25/09/18;4,1286
26/09/18;4,057
27/09/18;4,0092
28/09/18;4,0039
01/10/18;4,0273
02/10/18;3,9505
03/10/18;3,8542
04/10/18;3,9047
05/10/18;3,8699
08/10/18;3,7588
09/10/18;3,7391
10/10/18;3,751
11/10/18;3,746
15/10/18;3,7332
16/10/18;3,7079
17/10/18;3,7008
18/10/18;3,6963
19/10/18;3,7079
22/10/18;3,6903
23/10/18;3,708
24/10/18;3,706
25/10/18;3,7014
26/10/18;3,6753
29/10/18;3,6368
30/10/18;3,7019
31/10/18;3,7177
01/11/18;3,6973
05/11/18;3,7048
06/11/18;3,7492
07/11/18;3,7592
08/11/18;3,7391
09/11/18;3,7506
12/11/18;3,7478
13/11/18;3,7792
14/11/18;3,7924
16/11/18;3,7525
19/11/18;3,7553
20/11/18;3,7591
21/11/18;3,7872
22/11/18;3,8103
23/11/18;3,8081
26/11/18;3,8655
27/11/18;3,8925
28/11/18;3,8631
29/11/18;3,8568
30/11/18;3,8633
03/12/18;3,8285
04/12/18;3,8313
05/12/18;3,8561
06/12/18;3,9178
07/12/18;3,8964
10/12/18;3,911
11/12/18;3,9013
12/12/18;3,8629
13/12/18;3,879
14/12/18;3,909
17/12/18;3,9121
18/12/18;3,8997
19/12/18;3,8907
20/12/18;3,8443
21/12/18;3,8671
24/12/18;3,8855
26/12/18;3,9258
27/12/18;3,933
28/12/18;3,8748
31/12/18;3,8748
02/01/19;3,8595
03/01/19;3,7683
04/01/19;3,7627
07/01/19;3,7062
08/01/19;3,7208
09/01/19;3,6931
10/01/19;3,6869
11/01/19;3,7141
14/01/19;3,726
15/01/19;3,7049
16/01/19;3,7197
17/01/19;3,7591
18/01/19;3,7486
21/01/19;3,7705
22/01/19;3,7615
23/01/19;3,7994
24/01/19;3,7815
25/01/19;3,7626
28/01/19;3,7676
29/01/19;3,737
30/01/19;3,7151
31/01/19;3,6519
01/02/19;3,6694
04/02/19;3,6756
05/02/19;3,6741
06/02/19;3,7019
07/02/19;3,7193
08/02/19;3,7184
11/02/19;3,7391
12/02/19;3,7296
13/02/19;3,7277
14/02/19;3,7756
15/02/19;3,7155
18/02/19;3,7316
19/02/19;3,7206
20/02/19;3,71
21/02/19;3,7595
22/02/19;3,743
25/02/19;3,7285
26/02/19;3,7595
27/02/19;3,7351
28/02/19;3,7385
01/03/19;3,7832
06/03/19;3,8303
07/03/19;3,8487
08/03/19;3,8678
11/03/19;3,8461
12/03/19;3,8129
13/03/19;3,8265
14/03/19;3,8327
15/03/19;3,8344
18/03/19;3,8111
19/03/19;3,7762
20/03/19;3,7897
21/03/19;3,7967
22/03/19;3,8815
25/03/19;3,877
26/03/19;3,8646
27/03/19;3,9389
28/03/19;3,9682
29/03/19;3,8967
01/04/19;3,8682
02/04/19;3,8661
03/04/19;3,8436
04/04/19;3,8713
05/04/19;3,8622
08/04/19;3,8658
09/04/19;3,8563
10/04/19;3,8345
11/04/19;3,8399
12/04/19;3,8685
15/04/19;3,873
16/04/19;3,8913
17/04/19;3,9225
18/04/19;3,937
22/04/19;3,923
23/04/19;3,9436
24/04/19;3,963
25/04/19;3,9725
26/04/19;3,9353
29/04/19;3,9364
30/04/19;3,9453
02/05/19;3,965
03/05/19;3,9388
06/05/19;3,9624
07/05/19;3,988
08/05/19;3,9344
09/05/19;3,9673
10/05/19;3,9578
13/05/19;3,989
14/05/19;3,9788
15/05/19;4,0031
16/05/19;4,0138
17/05/19;4,0844
20/05/19;4,1056
21/05/19;4,081
22/05/19;4,0228
23/05/19;4,0513
24/05/19;4,0322
27/05/19;4,021
28/05/19;4,0275
29/05/19;3,9965
30/05/19;3,972
31/05/19;3,9407
03/06/19;3,9003
04/06/19;3,871
05/06/19;3,8611
06/06/19;3,8726
07/06/19;3,8571
10/06/19;3,879
11/06/19;3,8664
12/06/19;3,8437
13/06/19;3,8429
14/06/19;3,8813
17/06/19;3,8895
18/06/19;3,8608
19/06/19;3,8723
21/06/19;3,8255
24/06/19;3,8234
25/06/19;3,8303
26/06/19;3,8441
27/06/19;3,8642
28/06/19;3,8322
01/07/19;3,8193
02/07/19;3,8564
03/07/19;3,8475
04/07/19;3,794
05/07/19;3,8204
08/07/19;3,8065
09/07/19;3,7858
10/07/19;3,7697
11/07/19;3,7533
12/07/19;3,7452
15/07/19;3,7463
16/07/19;3,7624
17/07/19;3,7618
18/07/19;3,7489
19/07/19;3,7408
22/07/19;3,74
23/07/19;3,7621
24/07/19;3,7596
25/07/19;3,7849
26/07/19;3,7741
29/07/19;3,7909
30/07/19;3,79
31/07/19;3,7649
01/08/19;3,8296
02/08/19;3,8739
05/08/19;3,9404
06/08/19;3,9643
07/08/19;3,985
08/08/19;3,9409
09/08/19;3,9362
12/08/19;3,9966
13/08/19;3,9736
14/08/19;4,0074
15/08/19;4,0188
16/08/19;3,9933
19/08/19;4,0274
20/08/19;4,0425
21/08/19;4,0254
22/08/19;4,0444
23/08/19;4,0851
26/08/19;4,1367
27/08/19;4,1557
28/08/19;4,1559
29/08/19;4,168
30/08/19;4,1385
02/09/19;4,1581
03/09/19;4,1657
04/09/19;4,1249
05/09/19;4,0859
06/09/19;4,065
09/09/19;4,0766
10/09/19;4,1108
11/09/19;4,0631
12/09/19;4,0494
13/09/19;4,0616
16/09/19;4,0872
17/09/19;4,0998
18/09/19;4,0972
19/09/19;4,1393
20/09/19;4,1687
23/09/19;4,1734
24/09/19;4,1721
25/09/19;4,1827
26/09/19;4,1469
27/09/19;4,1587
30/09/19;4,1644
01/10/19;4,174
02/10/19;4,1546
03/10/19;4,1012
04/10/19;4,061
07/10/19;4,0688
08/10/19;4,0868
09/10/19;4,0954
10/10/19;4,1145
11/10/19;4,106
14/10/19;4,1263
15/10/19;4,1488
16/10/19;4,1714
17/10/19;4,1457
18/10/19;4,1376
21/10/19;4,1319
22/10/19;4,0858
23/10/19;4,0721
24/10/19;4,0089
25/10/19;4,0133
28/10/19;3,9793
29/10/19;3,9946
30/10/19;4,0186
31/10/19;4,0041
01/11/19;3,9786
04/11/19;3,9922
05/11/19;4,0043
06/11/19;4,0351
07/11/19;4,0927
08/11/19;4,1365
11/11/19;4,1559
12/11/19;4,1756
13/11/19;4,1767
14/11/19;4,1831
18/11/19;4,1827
19/11/19;4,2084
20/11/19;4,2037
21/11/19;4,2012
22/11/19;4,1832
25/11/19;4,2089
26/11/19;4,2559
27/11/19;4,2602
28/11/19;4,248
29/11/19;4,224
02/12/19;4,2261
03/12/19;4,2008
04/12/19;4,1926
05/12/19;4,2136
06/12/19;4,1783
09/12/19;4,1503
10/12/19;4,1427
11/12/19;4,1153
12/12/19;4,1092
13/12/19;4,0949
16/12/19;4,0801
17/12/19;4,0687
18/12/19;4,0548
19/12/19;4,0633
20/12/19;4,0777
23/12/19;4,0757
24/12/19;4,0813
26/12/19;4,0601
27/12/19;4,0545
30/12/19;4,0307
31/12/19;4,0307
02/01/20;4,0213
03/01/20;4,0522
06/01/20;4,0554
07/01/20;4,0841
08/01/20;4,0672
09/01/20;4,0744
10/01/20;4,0745
13/01/20;4,1309
14/01/20;4,1443
15/01/20;4,1622
16/01/20;4,1726
17/01/20;4,1837
20/01/20;4,1829
21/01/20;4,2014
22/01/20;4,1889
23/01/20;4,1662
24/01/20;4,1769
27/01/20;4,2196
28/01/20;4,2064
29/01/20;4,2013
30/01/20;4,2523
31/01/20;4,2695
03/02/20;4,2475
04/02/20;4,2381
05/02/20;4,2449
06/02/20;4,2477
07/02/20;4,3076
10/02/20;4,3195
11/02/20;4,3148
12/02/20;4,3366
13/02/20;4,3389
14/02/20;4,3163
17/02/20;4,3157
18/02/20;4,3471
19/02/20;4,3728
20/02/20;4,3873
21/02/20;4,3924
26/02/20;4,4359
27/02/20;4,4764
28/02/20;4,4987
02/03/20;4,4946
03/03/20;4,4883
04/03/20;4,5258
05/03/20;4,6207
06/03/20;4,6459
09/03/20;4,7379
10/03/20;4,6693
11/03/20;4,6738
12/03/20;4,8833
13/03/20;4,7362
16/03/20;4,9471
17/03/20;5,0496
18/03/20;5,1107
19/03/20;5,1444
20/03/20;5,0248
23/03/20;5,0805
24/03/20;5,0713
25/03/20;5,0706
26/03/20;5,001
27/03/20;5,1109
30/03/20;5,1594
31/03/20;5,1987
01/04/20;5,2404
02/04/20;5,2651
03/04/20;5,2997
06/04/20;5,2471
07/04/20;5,2217
08/04/20;5,2123
09/04/20;5,0779
13/04/20;5,1824
14/04/20;5,1858
15/04/20;5,2579
16/04/20;5,2377
17/04/20;5,2573
20/04/20;5,2837
22/04/20;5,3847
23/04/20;5,4467
24/04/20;5,651
27/04/20;5,6358
28/04/20;5,5683
29/04/20;5,4291
30/04/20;5,427
04/05/20;5,5816
05/05/20;5,5354
06/05/20;5,6676
07/05/20;5,8365
08/05/20;5,7653
11/05/20;5,7954
12/05/20;5,7723
13/05/20;5,9022
14/05/20;5,9372
15/05/20;5,8229
18/05/20;5,7375
19/05/20;5,7216
20/05/20;5,6968
21/05/20;5,6019
22/05/20;5,5808
25/05/20;5,4772
26/05/20;5,3707
27/05/20;5,2992
28/05/20;5,3405
29/05/20;5,4263
01/06/20;5,3639
02/06/20;5,2601
03/06/20;5,0516
04/06/20;5,1041
05/06/20;4,9775
08/06/20;4,9331
09/06/20;4,9057
10/06/20;4,8894
12/06/20;5,0373
15/06/20;5,1883
16/06/20;5,1285
17/06/20;5,2499
18/06/20;5,3468
19/06/20;5,3466
22/06/20;5,2226
23/06/20;5,1705
24/06/20;5,2435
25/06/20;5,3287
26/06/20;5,4629
29/06/20;5,4416
30/06/20;5,476
01/07/20;5,3651
02/07/20;5,3028
03/07/20;5,3374
06/07/20;5,3085
07/07/20;5,3318
08/07/20;5,3482
09/07/20;5,2978
10/07/20;5,344
13/07/20;5,3486
14/07/20;5,4288
15/07/20;5,3491
16/07/20;5,356
17/07/20;5,351
20/07/20;5,3635
21/07/20;5,2283
22/07/20;5,1111
23/07/20;5,1647
24/07/20;5,2146
27/07/20;5,1889
28/07/20;5,1777
29/07/20;5,1395
30/07/20;5,1837
31/07/20;5,2033
03/08/20;5,3075
04/08/20;5,3329
05/08/20;5,276
06/08/20;5,3431
07/08/20;5,4227
10/08/20;5,3933
11/08/20;5,4285
12/08/20;5,4551
13/08/20;5,3801
14/08/20;5,3852
17/08/20;5,4497
18/08/20;5,4659
19/08/20;5,4906
20/08/20;5,651
21/08/20;5,6064
24/08/20;5,5954
25/08/20;5,5997
26/08/20;5,568
27/08/20;5,5956
28/08/20;5,4679
31/08/20;5,4713
01/09/20;5,3732
02/09/20;5,3741
03/09/20;5,3079
04/09/20;5,2848
08/09/20;5,3698
09/09/20;5,3024
10/09/20;5,2936
11/09/20;5,2854
14/09/20;5,2984
15/09/20;5,2728
16/09/20;5,2532
17/09/20;5,2593
18/09/20;5,2889
21/09/20;5,444
22/09/20;5,4329
23/09/20;5,5311
24/09/20;5,5714
25/09/20;5,5667
28/09/20;5,5858
29/09/20;5,6528
30/09/20;5,6407
01/10/20;5,6441
02/10/20;5,6464
05/10/20;5,6299
06/10/20;5,5205
07/10/20;5,6018
08/10/20;5,62
09/10/20;5,5393
13/10/20;5,5859
14/10/20;5,5675
15/10/20;5,6172
16/10/20;5,6226
19/10/20;5,6023
20/10/20;5,583
21/10/20;5,6006
22/10/20;5,582
23/10/20;5,612
26/10/20;5,6328
27/10/20;5,6491
28/10/20;5,7325
29/10/20;5,7803
30/10/20;5,7718
03/11/20;5,6895
04/11/20;5,6932
05/11/20;5,5624
06/11/20;5,5313
09/11/20;5,2821
10/11/20;5,3696
11/11/20;5,402
12/11/20;5,4094
13/11/20;5,4854
16/11/20;5,4198
17/11/20;5,3968
18/11/20;5,2932
19/11/20;5,333
20/11/20;5,3505
23/11/20;5,3828
24/11/20;5,4037
25/11/20;5,3508
26/11/20;5,3201
27/11/20;5,3494
30/11/20;5,3317
01/12/20;5,2789
02/12/20;5,2267
03/12/20;5,1625
04/12/20;5,1706
07/12/20;5,1018
08/12/20;5,092
09/12/20;5,1109
10/12/20;5,0852
11/12/20;5,0691
14/12/20;5,0578
15/12/20;5,0968
16/12/20;5,1057
17/12/20;5,0612
18/12/20;5,0986
21/12/20;5,1572
22/12/20;5,1473
23/12/20;5,174
24/12/20;5,18
28/12/20;5,239
29/12/20;5,1942
30/12/20;5,1967
31/12/20;5,1967
04/01/21;5,1626
05/01/21;5,3269
06/01/21;5,3182
07/01/21;5,3433
08/01/21;5,3683
11/01/21;5,4966
12/01/21;5,4637
13/01/21;5,307
14/01/21;5,2617
15/01/21;5,2714
18/01/21;5,2788
19/01/21;5,2945
20/01/21;5,3033
21/01/21;5,3166
22/01/21;5,4301
25/01/21;5,5089
26/01/21;5,3865
27/01/21;5,3824
28/01/21;5,4282
29/01/21;5,4759
01/02/21;5,4608
02/02/21;5,3875
03/02/21;5,3423
04/02/21;5,391
05/02/21;5,3884
08/02/21;5,367
09/02/21;5,4216
10/02/21;5,4024
11/02/21;5,3626
12/02/21;5,3815
17/02/21;5,4138
18/02/21;5,4238
19/02/21;5,3924
22/02/21;5,5044
23/02/21;5,449
24/02/21;5,4182
25/02/21;5,46
26/02/21;5,5302
01/03/21;5,5832
02/03/21;5,6844
03/03/21;5,7342
04/03/21;5,6008
05/03/21;5,687
08/03/21;5,7343
09/03/21;5,8397
10/03/21;5,7449
11/03/21;5,589
12/03/21;5,564
15/03/21;5,6296
16/03/21;5,5851
17/03/21;5,6579
18/03/21;5,5474
19/03/21;5,5082
22/03/21;5,5269
23/03/21;5,4951
24/03/21;5,533
25/03/21;5,6585
26/03/21;5,7042
29/03/21;5,7925
30/03/21;5,7642
31/03/21;5,6973
01/04/21;5,6849
05/04/21;5,6579
06/04/21;5,6263
07/04/21;5,5864
08/04/21;5,5817
09/04/21;5,6445
12/04/21;5,6582
13/04/21;5,7064
14/04/21;5,6936
15/04/21;5,6234
16/04/21;5,6328
19/04/21;5,575
20/04/21;5,5266
22/04/21;5,497
23/04/21;5,4787
26/04/21;5,4566
27/04/21;5,4424
28/04/21;5,4005
29/04/21;5,3662
30/04/21;5,4036
03/05/21;5,4087
04/05/21;5,4505
05/05/21;5,3872
06/05/21;5,2897
07/05/21;5,2217
10/05/21;5,2227
11/05/21;5,2403
12/05/21;5,2353
13/05/21;5,2815
14/05/21;5,2701
17/05/21;5,2755
18/05/21;5,2588
19/05/21;5,2822
20/05/21;5,2905
21/05/21;5,3027
24/05/21;5,3198
25/05/21;5,3143
26/05/21;5,3164
27/05/21;5,284
28/05/21;5,2281
31/05/21;5,2322
01/06/21;5,1636
02/06/21;5,1147
04/06/21;5,0666
07/06/21;5,0498
08/06/21;5,0489
09/06/21;5,0533
10/06/21;5,0635
11/06/21;5,119
14/06/21;5,0707
15/06/21;5,0874
16/06/21;5,0207
17/06/21;5,0359
18/06/21;5,0314
21/06/21;5,0373
22/06/21;5,0178
23/06/21;4,9519
24/06/21;4,9277
25/06/21;4,9206
28/06/21;4,942
29/06/21;4,945
30/06/21;5,0022
01/07/21;5,0055
02/07/21;5,0293
05/07/21;5,0749
06/07/21;5,1645
07/07/21;5,2328
08/07/21;5,2587
09/07/21;5,2393
12/07/21;5,2239
13/07/21;5,177
14/07/21;5,088
15/07/21;5,1
16/07/21;5,0941
19/07/21;5,1978
20/07/21;5,2465
21/07/21;5,2516
22/07/21;5,1978
23/07/21;5,1701
26/07/21;5,1863
27/07/21;5,1669
28/07/21;5,1527
29/07/21;5,0682
30/07/21;5,1216
02/08/21;5,1379
03/08/21;5,2464
04/08/21;5,2091
05/08/21;5,1464
06/08/21;5,241
09/08/21;5,2774
10/08/21;5,2217
11/08/21;5,2013
12/08/21;5,2351
13/08/21;5,2474
16/08/21;5,2495
17/08/21;5,2585
18/08/21;5,3025
19/08/21;5,418
20/08/21;5,4274
23/08/21;5,3686
24/08/21;5,3017
25/08/21;5,2465
26/08/21;5,2429
27/08/21;5,22
30/08/21;5,1952
31/08/21;5,1433
01/09/21;5,1576
02/09/21;5,1735
03/09/21;5,1685
06/09/21;5,1773
08/09/21;5,2524
09/09/21;5,2825
10/09/21;5,2158
13/09/21;5,219
14/09/21;5,226
15/09/21;5,2576
16/09/21;5,2594
17/09/21;5,3103
20/09/21;5,3332
21/09/21;5,3044
22/09/21;5,2783
23/09/21;5,2891
24/09/21;5,3435
27/09/21;5,3478
28/09/21;5,4206
29/09/21;5,4173
30/09/21;5,4394
01/10/21;5,3911
04/10/21;5,4204
05/10/21;5,4611
06/10/21;5,5097
07/10/21;5,514
08/10/21;5,5084
11/10/21;5,5161
13/10/21;5,5471
14/10/21;5,4988
15/10/21;5,451
18/10/21;5,5193
19/10/21;5,5521
20/10/21;5,5571
21/10/21;5,6423
22/10/21;5,7117
25/10/21;5,5973
26/10/21;5,58
27/10/21;5,5667
28/10/21;5,6124
29/10/21;5,643
01/11/21;5,6694
03/11/21;5,6672
04/11/21;5,5942
05/11/21;5,5455
08/11/21;5,5627
09/11/21;5,4957
10/11/21;5,459
11/11/21;5,4171
12/11/21;5,4199
16/11/21;5,4772
17/11/21;5,4993
18/11/21;5,547
19/11/21;5,5584
22/11/21;5,5841
23/11/21;5,6456
24/11/21;5,6027
25/11/21;5,574
26/11/21;5,5865
29/11/21;5,6118
30/11/21;5,6199
01/12/21;5,6168
02/12/21;5,6345
03/12/21;5,6432
06/12/21;5,6877
07/12/21;5,6411
08/12/21;5,5779
09/12/21;5,5564
10/12/21;5,5931
13/12/21;5,6357
14/12/21;5,6461
15/12/21;5,7127
16/12/21;5,6963
17/12/21;5,6959
20/12/21;5,7055
21/12/21;5,7372
22/12/21;5,7201
23/12/21;5,691
24/12/21;5,6591
27/12/21;5,665
28/12/21;5,6438
29/12/21;5,6619
30/12/21;5,5805
31/12/21;5,5805
03/01/22;5,6309
04/01/22;5,6776
05/01/22;5,6628
06/01/22;5,7042
07/01/22;5,6753
10/01/22;5,6736
11/01/22;5,6351
12/01/22;5,5611
13/01/22;5,5246
14/01/22;5,5349
17/01/22;5,5058
18/01/22;5,5213
19/01/22;5,4978
20/01/22;5,4166
21/01/22;5,4401
24/01/22;5,491
25/01/22;5,4971
26/01/22;5,4324
27/01/22;5,3812
28/01/22;5,3954
31/01/22;5,3574
01/02/22;5,281
02/02/22;5,2956
03/02/22;5,3025
04/02/22;5,3284
07/02/22;5,2913
08/02/22;5,2699
09/02/22;5,2735
10/02/22;5,2101
11/02/22;5,1987
14/02/22;5,2106
15/02/22;5,1881
16/02/22;5,163
17/02/22;5,1565
18/02/22;5,1339
21/02/22;5,0997
22/02/22;5,0611
23/02/22;5,0143
24/02/22;5,1174
25/02/22;5,1394
02/03/22;5,1347
03/03/22;5,0479
04/03/22;5,0758
07/03/22;5,0579
08/03/22;5,0903
09/03/22;5,0094
10/03/22;5,0513
11/03/22;5,0255
14/03/22;5,0647
15/03/22;5,1314
16/03/22;5,1287
17/03/22;5,0764
18/03/22;5,0411
21/03/22;4,9666
22/03/22;4,9208
23/03/22;4,8704
24/03/22;4,8067
25/03/22;4,7782
28/03/22;4,7905
29/03/22;4,7486
30/03/22;4,7497
31/03/22;4,7378
01/04/22;4,6984
04/04/22;4,6175
05/04/22;4,64
06/04/22;4,6967
07/04/22;4,7422
08/04/22;4,7513
11/04/22;4,7025
12/04/22;4,6483
13/04/22;4,6811
14/04/22;4,7158
18/04/22;4,6746
Fonte;Sisbacen PTAX800